2022 Rank,City,State,2022 estimate,2020 census,Change,2020 land area (sq mi),2020 land area (sq km),2020 population density (sq mi),2020 population density (sq km),Location
1,New York[d],New York,"8,335,897","8,804,190",−5.32%,300.5 sq mi,778.3 km2,"29,298/sq mi","11,312/km2",40°40′N 73°56′W﻿ / ﻿40.66°N 73.94°W﻿ / 40.66; -73.94﻿ (New York City)
2,Los Angeles,California,"3,822,238","3,898,747",−1.96%,469.5 sq mi,"1,216.0 km2","8,304/sq mi","3,206/km2",34°01′N 118°25′W﻿ / ﻿34.02°N 118.41°W﻿ / 34.02; -118.41﻿ (Los Angeles)
3,Chicago,Illinois,"2,665,039","2,746,388",−2.96%,227.7 sq mi,589.7 km2,"12,061/sq mi","4,657/km2",41°50′N 87°41′W﻿ / ﻿41.84°N 87.68°W﻿ / 41.84; -87.68﻿ (Chicago)
4,Houston,Texas,"2,302,878","2,304,580",−0.07%,640.4 sq mi,"1,658.6 km2","3,599/sq mi","1,390/km2",29°47′N 95°23′W﻿ / ﻿29.79°N 95.39°W﻿ / 29.79; -95.39﻿ (Houston)
5,Phoenix,Arizona,"1,644,409","1,608,139",+2.26%,518.0 sq mi,"1,341.6 km2","3,105/sq mi","1,199/km2",33°34′N 112°05′W﻿ / ﻿33.57°N 112.09°W﻿ / 33.57; -112.09﻿ (Phoenix)
6,Philadelphia[e],Pennsylvania,"1,567,258","1,603,797",−2.28%,134.4 sq mi,348.1 km2,"11,933/sq mi","4,607/km2",40°01′N 75°08′W﻿ / ﻿40.01°N 75.13°W﻿ / 40.01; -75.13﻿ (Philadelphia)
7,San Antonio,Texas,"1,472,909","1,434,625",+2.67%,498.8 sq mi,"1,291.9 km2","2,876/sq mi","1,110/km2",29°28′N 98°31′W﻿ / ﻿29.46°N 98.52°W﻿ / 29.46; -98.52﻿ (San Antonio)
8,San Diego,California,"1,381,162","1,386,932",−0.42%,325.9 sq mi,844.1 km2,"4,256/sq mi","1,643/km2",32°49′N 117°08′W﻿ / ﻿32.81°N 117.14°W﻿ / 32.81; -117.14﻿ (San Diego)
9,Dallas,Texas,"1,299,544","1,304,379",−0.37%,339.6 sq mi,879.6 km2,"3,841/sq mi","1,483/km2",32°47′N 96°46′W﻿ / ﻿32.79°N 96.77°W﻿ / 32.79; -96.77﻿ (Dallas)
10,Austin,Texas,"974,447","961,855",+1.31%,319.9 sq mi,828.5 km2,"3,007/sq mi","1,161/km2",30°18′N 97°45′W﻿ / ﻿30.30°N 97.75°W﻿ / 30.30; -97.75﻿ (Austin)
11,Jacksonville[f],Florida,"971,319","949,611",+2.29%,747.3 sq mi,"1,935.5 km2","1,271/sq mi",491/km2,30°20′N 81°40′W﻿ / ﻿30.34°N 81.66°W﻿ / 30.34; -81.66﻿ (Jacksonville)
12,San Jose,California,"971,233","1,013,240",−4.15%,178.3 sq mi,461.8 km2,"5,683/sq mi","2,194/km2",37°18′N 121°49′W﻿ / ﻿37.30°N 121.81°W﻿ / 37.30; -121.81﻿ (San Jose)
13,Fort Worth,Texas,"956,709","918,915",+4.11%,347.3 sq mi,899.5 km2,"2,646/sq mi","1,022/km2",32°47′N 97°21′W﻿ / ﻿32.78°N 97.35°W﻿ / 32.78; -97.35﻿ (Fort Worth)
14,Columbus,Ohio,"907,971","905,748",+0.25%,220.0 sq mi,569.8 km2,"4,117/sq mi","1,590/km2",39°59′N 82°59′W﻿ / ﻿39.99°N 82.99°W﻿ / 39.99; -82.99﻿ (Columbus)
15,Charlotte,North Carolina,"897,720","874,579",+2.65%,308.3 sq mi,798.5 km2,"2,837/sq mi","1,095/km2",35°13′N 80°50′W﻿ / ﻿35.21°N 80.83°W﻿ / 35.21; -80.83﻿ (Charlotte)
16,Indianapolis[g],Indiana,"880,621","887,642",−0.79%,361.6 sq mi,936.5 km2,"2,455/sq mi",948/km2,39°47′N 86°09′W﻿ / ﻿39.78°N 86.15°W﻿ / 39.78; -86.15﻿ (Indianapolis)
17,San Francisco[h],California,"808,437","873,965",−7.50%,46.9 sq mi,121.5 km2,"18,635/sq mi","7,195/km2",37°44′N 123°02′W﻿ / ﻿37.73°N 123.03°W﻿ / 37.73; -123.03﻿ (San Francisco)
18,Seattle,Washington,"749,256","737,015",+1.66%,83.8 sq mi,217.0 km2,"8,795/sq mi","3,396/km2",47°37′N 122°21′W﻿ / ﻿47.62°N 122.35°W﻿ / 47.62; -122.35﻿ (Seattle)
19,Denver[i],Colorado,"713,252","715,522",−0.32%,153.1 sq mi,396.5 km2,"4,674/sq mi","1,805/km2",39°46′N 104°53′W﻿ / ﻿39.76°N 104.88°W﻿ / 39.76; -104.88﻿ (Denver)
20,Oklahoma City,Oklahoma,"694,800","681,054",+2.02%,606.2 sq mi,"1,570.1 km2","1,123/sq mi",434/km2,35°28′N 97°31′W﻿ / ﻿35.47°N 97.51°W﻿ / 35.47; -97.51﻿ (Oklahoma City)
21,Nashville[j],Tennessee,"683,622","689,447",−0.84%,475.8 sq mi,"1,232.3 km2","1,449/sq mi",559/km2,36°10′N 86°47′W﻿ / ﻿36.17°N 86.79°W﻿ / 36.17; -86.79﻿ (Nashville)
22,El Paso,Texas,"677,456","678,815",−0.20%,258.4 sq mi,669.3 km2,"2,627/sq mi","1,014/km2",31°51′N 106°26′W﻿ / ﻿31.85°N 106.43°W﻿ / 31.85; -106.43﻿ (El Paso)
23,Washington[k],District of Columbia,"671,803","689,545",−2.57%,61.1 sq mi,158.2 km2,"11,286/sq mi","4,358/km2","38°54′N 77°01′W﻿ / ﻿38.90°N 77.02°W﻿ / 38.90; -77.02﻿ (Washington, D.C.)"
24,Las Vegas,Nevada,"656,274","641,903",+2.24%,141.8 sq mi,367.3 km2,"4,527/sq mi","1,748/km2",36°14′N 115°16′W﻿ / ﻿36.23°N 115.26°W﻿ / 36.23; -115.26﻿ (Las Vegas)
25,Boston,Massachusetts,"650,706","675,647",−3.69%,48.3 sq mi,125.1 km2,"13,989/sq mi","5,401/km2",42°20′N 71°01′W﻿ / ﻿42.34°N 71.02°W﻿ / 42.34; -71.02﻿ (Boston)
26,Portland,Oregon,"635,067","652,503",−2.67%,133.5 sq mi,345.8 km2,"4,888/sq mi","1,887/km2",45°32′N 122°39′W﻿ / ﻿45.54°N 122.65°W﻿ / 45.54; -122.65﻿ (Portland)
27,Louisville[l],Kentucky,"624,444","633,045",−1.36%,324.9 sq mi,841.5 km2,"1,948/sq mi",752/km2,38°10′N 85°39′W﻿ / ﻿38.17°N 85.65°W﻿ / 38.17; -85.65﻿ (Louisville)
28,Memphis,Tennessee,"621,056","633,104",−1.90%,297.0 sq mi,769.2 km2,"2,132/sq mi",823/km2,35°07′N 89°58′W﻿ / ﻿35.11°N 89.97°W﻿ / 35.11; -89.97﻿ (Memphis)
29,Detroit,Michigan,"620,376","639,111",−2.93%,138.7 sq mi,359.2 km2,"4,608/sq mi","1,779/km2",42°23′N 83°06′W﻿ / ﻿42.38°N 83.10°W﻿ / 42.38; -83.10﻿ (Detroit)
30,Baltimore[m],Maryland,"569,931","585,708",−2.69%,80.9 sq mi,209.5 km2,"7,240/sq mi","2,800/km2",39°18′N 76°37′W﻿ / ﻿39.30°N 76.61°W﻿ / 39.30; -76.61﻿ (Baltimore)
31,Milwaukee,Wisconsin,"563,305","577,222",−2.41%,96.2 sq mi,249.2 km2,"6,000/sq mi","2,300/km2",43°04′N 87°58′W﻿ / ﻿43.06°N 87.97°W﻿ / 43.06; -87.97﻿ (Milwaukee)
32,Albuquerque,New Mexico,"561,008","564,559",−0.63%,187.3 sq mi,485.1 km2,"3,014/sq mi","1,164/km2",35°06′N 106°39′W﻿ / ﻿35.10°N 106.65°W﻿ / 35.10; -106.65﻿ (Albuquerque)
33,Tucson,Arizona,"546,574","542,629",+0.73%,241.0 sq mi,624.2 km2,"2,252/sq mi",870/km2,32°09′N 110°52′W﻿ / ﻿32.15°N 110.87°W﻿ / 32.15; -110.87﻿ (Tucson)
34,Fresno,California,"545,567","542,107",+0.64%,115.2 sq mi,298.4 km2,"4,706/sq mi","1,817/km2",36°47′N 119°47′W﻿ / ﻿36.78°N 119.79°W﻿ / 36.78; -119.79﻿ (Fresno)
35,Sacramento,California,"528,001","524,943",+0.58%,98.6 sq mi,255.4 km2,"5,324/sq mi","2,056/km2",38°34′N 121°28′W﻿ / ﻿38.57°N 121.47°W﻿ / 38.57; -121.47﻿ (Sacramento)
36,Mesa,Arizona,"512,498","504,258",+1.63%,138.7 sq mi,359.2 km2,"3,636/sq mi","1,404/km2",33°24′N 111°43′W﻿ / ﻿33.40°N 111.72°W﻿ / 33.40; -111.72﻿ (Mesa)
37,Kansas City,Missouri,"509,297","508,090",+0.24%,314.7 sq mi,815.1 km2,"1,615/sq mi",624/km2,"39°07′N 94°34′W﻿ / ﻿39.12°N 94.56°W﻿ / 39.12; -94.56﻿ (Kansas City, MO)"
38,Atlanta,Georgia,"499,127","498,715",+0.08%,135.3 sq mi,350.4 km2,"3,686/sq mi","1,423/km2",33°46′N 84°25′W﻿ / ﻿33.76°N 84.42°W﻿ / 33.76; -84.42﻿ (Atlanta)
39,Colorado Springs,Colorado,"486,248","478,961",+1.52%,195.4 sq mi,506.1 km2,"2,451/sq mi",946/km2,38°52′N 104°46′W﻿ / ﻿38.87°N 104.76°W﻿ / 38.87; -104.76﻿ (Colorado Springs)
40,Omaha,Nebraska,"485,153","486,051",−0.18%,141.6 sq mi,366.7 km2,"3,433/sq mi","1,325/km2",41°16′N 96°03′W﻿ / ﻿41.26°N 96.05°W﻿ / 41.26; -96.05﻿ (Omaha)
41,Raleigh,North Carolina,"476,587","467,665",+1.91%,147.1 sq mi,381.0 km2,"3,179/sq mi","1,227/km2",35°50′N 78°38′W﻿ / ﻿35.83°N 78.64°W﻿ / 35.83; -78.64﻿ (Raleigh)
42,Virginia Beach[m],Virginia,"455,618","459,470",−0.84%,244.7 sq mi,633.8 km2,"1,878/sq mi",725/km2,36°47′N 76°02′W﻿ / ﻿36.78°N 76.03°W﻿ / 36.78; -76.03﻿ (Virginia Beach)
43,Long Beach,California,"451,307","466,742",−3.31%,50.7 sq mi,131.3 km2,"9,206/sq mi","3,554/km2",33°47′N 118°10′W﻿ / ﻿33.78°N 118.17°W﻿ / 33.78; -118.17﻿ (Long Beach)
44,Miami,Florida,"449,514","442,241",+1.64%,36.0 sq mi,93.2 km2,"12,284/sq mi","4,743/km2",25°47′N 80°13′W﻿ / ﻿25.78°N 80.21°W﻿ / 25.78; -80.21﻿ (Miami)
45,Oakland,California,"430,553","440,646",−2.29%,55.9 sq mi,144.8 km2,"7,883/sq mi","3,044/km2",37°46′N 122°14′W﻿ / ﻿37.77°N 122.23°W﻿ / 37.77; -122.23﻿ (Oakland)
46,Minneapolis,Minnesota,"425,096","429,954",−1.13%,54.0 sq mi,139.9 km2,"7,962/sq mi","3,074/km2",44°58′N 93°16′W﻿ / ﻿44.96°N 93.27°W﻿ / 44.96; -93.27﻿ (Minneapolis)
47,Tulsa,Oklahoma,"411,867","413,066",−0.29%,197.5 sq mi,511.5 km2,"2,091/sq mi",807/km2,36°08′N 95°54′W﻿ / ﻿36.13°N 95.90°W﻿ / 36.13; -95.90﻿ (Tulsa)
48,Bakersfield,California,"410,647","403,455",+1.78%,149.8 sq mi,388.0 km2,"2,693/sq mi","1,040/km2",35°21′N 119°02′W﻿ / ﻿35.35°N 119.04°W﻿ / 35.35; -119.04﻿ (Bakersfield)
49,Tampa,Florida,"398,173","384,959",+3.43%,114.0 sq mi,295.3 km2,"3,377/sq mi","1,304/km2",27°58′N 82°28′W﻿ / ﻿27.97°N 82.47°W﻿ / 27.97; -82.47﻿ (Tampa)
50,Wichita,Kansas,"396,192","397,532",−0.34%,162.0 sq mi,419.6 km2,"2,454/sq mi",947/km2,37°41′N 97°21′W﻿ / ﻿37.69°N 97.35°W﻿ / 37.69; -97.35﻿ (Wichita)
51,Arlington,Texas,"394,602","394,266",+0.09%,95.9 sq mi,248.4 km2,"4,111/sq mi","1,587/km2",32°42′N 97°07′W﻿ / ﻿32.70°N 97.12°W﻿ / 32.70; -97.12﻿ (Arlington)
52,Aurora,Colorado,"393,537","386,261",+1.88%,160.1 sq mi,414.7 km2,"2,413/sq mi",932/km2,39°42′N 104°43′W﻿ / ﻿39.70°N 104.72°W﻿ / 39.70; -104.72﻿ (Aurora)
53,New Orleans[n],Louisiana,"369,749","383,997",−3.71%,169.5 sq mi,439.0 km2,"2,265/sq mi",875/km2,30°03′N 89°56′W﻿ / ﻿30.05°N 89.93°W﻿ / 30.05; -89.93﻿ (New Orleans)
54,Cleveland,Ohio,"361,607","372,624",−2.96%,77.7 sq mi,201.2 km2,"4,796/sq mi","1,852/km2",41°29′N 81°41′W﻿ / ﻿41.48°N 81.68°W﻿ / 41.48; -81.68﻿ (Cleveland)
55,Anaheim,California,"344,461","346,824",−0.68%,50.3 sq mi,130.3 km2,"6,895/sq mi","2,662/km2",33°52′N 117°46′W﻿ / ﻿33.86°N 117.76°W﻿ / 33.86; -117.76﻿ (Anaheim)
56,Honolulu[o],Hawaii,"343,421","350,964",−2.15%,60.5 sq mi,156.7 km2,"5,801/sq mi","2,240/km2",21°19′N 157°51′W﻿ / ﻿21.32°N 157.85°W﻿ / 21.32; -157.85﻿ (Honolulu)
57,Henderson,Nevada,"331,415","317,610",+4.35%,106.2 sq mi,275.1 km2,"2,991/sq mi","1,155/km2",36°01′N 115°02′W﻿ / ﻿36.01°N 115.04°W﻿ / 36.01; -115.04﻿ (Henderson)
58,Stockton,California,"321,819","320,804",+0.32%,62.2 sq mi,161.1 km2,"5,158/sq mi","1,992/km2",37°59′N 121°19′W﻿ / ﻿37.98°N 121.31°W﻿ / 37.98; -121.31﻿ (Stockton)
59,Riverside,California,"320,764","314,998",+1.83%,81.2 sq mi,210.3 km2,"3,879/sq mi","1,498/km2",33°56′N 117°23′W﻿ / ﻿33.94°N 117.39°W﻿ / 33.94; -117.39﻿ (Riverside)
60,Lexington[p],Kentucky,"320,347","322,570",−0.69%,283.6 sq mi,734.5 km2,"1,137/sq mi",439/km2,38°02′N 84°28′W﻿ / ﻿38.04°N 84.46°W﻿ / 38.04; -84.46﻿ (Lexington)
61,Corpus Christi,Texas,"316,239","317,863",−0.51%,162.2 sq mi,420.1 km2,"1,960/sq mi",760/km2,27°45′N 97°10′W﻿ / ﻿27.75°N 97.17°W﻿ / 27.75; -97.17﻿ (Corpus Christi)
62,Orlando,Florida,"316,081","307,573",+2.77%,110.6 sq mi,286.5 km2,"2,781/sq mi","1,074/km2",28°25′N 81°15′W﻿ / ﻿28.41°N 81.25°W﻿ / 28.41; -81.25﻿ (Orlando)
63,Irvine,California,"313,685","307,670",+1.96%,65.6 sq mi,169.9 km2,"4,690/sq mi","1,810/km2",33°41′N 117°46′W﻿ / ﻿33.68°N 117.77°W﻿ / 33.68; -117.77﻿ (Irvine)
64,Cincinnati,Ohio,"309,513","309,317",+0.06%,77.8 sq mi,201.5 km2,"3,976/sq mi","1,535/km2",39°08′N 84°31′W﻿ / ﻿39.14°N 84.51°W﻿ / 39.14; -84.51﻿ (Cincinnati)
65,Santa Ana,California,"308,189","310,227",−0.66%,27.3 sq mi,70.7 km2,"11,364/sq mi","4,388/km2",33°44′N 117°53′W﻿ / ﻿33.74°N 117.88°W﻿ / 33.74; -117.88﻿ (Santa Ana)
66,Newark,New Jersey,"305,344","311,549",−1.99%,24.1 sq mi,62.4 km2,"12,927/sq mi","4,991/km2",40°43′N 74°10′W﻿ / ﻿40.72°N 74.17°W﻿ / 40.72; -74.17﻿ (Newark)
67,Saint Paul,Minnesota,"303,176","311,527",−2.68%,52.0 sq mi,134.7 km2,"5,991/sq mi","2,313/km2",44°57′N 93°06′W﻿ / ﻿44.95°N 93.10°W﻿ / 44.95; -93.10﻿ (Saint Paul)
68,Pittsburgh,Pennsylvania,"302,898","302,971",−0.02%,55.4 sq mi,143.5 km2,"5,469/sq mi","2,112/km2",40°26′N 79°59′W﻿ / ﻿40.44°N 79.98°W﻿ / 40.44; -79.98﻿ (Pittsburgh)
69,Greensboro,North Carolina,"301,115","299,035",+0.70%,129.6 sq mi,335.7 km2,"2,307/sq mi",891/km2,36°06′N 79°50′W﻿ / ﻿36.10°N 79.83°W﻿ / 36.10; -79.83﻿ (Greensboro)
70,Lincoln,Nebraska,"292,627","291,082",+0.53%,97.7 sq mi,253.0 km2,"2,979/sq mi","1,150/km2",40°49′N 96°41′W﻿ / ﻿40.81°N 96.68°W﻿ / 40.81; -96.68﻿ (Lincoln)
71,Durham,North Carolina,"291,928","283,506",+2.97%,112.8 sq mi,292.2 km2,"2,513/sq mi",970/km2,35°59′N 78°54′W﻿ / ﻿35.98°N 78.90°W﻿ / 35.98; -78.90﻿ (Durham)
72,Plano,Texas,"289,547","285,494",+1.42%,71.7 sq mi,185.7 km2,"3,982/sq mi","1,537/km2",33°03′N 96°45′W﻿ / ﻿33.05°N 96.75°W﻿ / 33.05; -96.75﻿ (Plano)
73,Anchorage[q],Alaska,"287,145","291,247",−1.41%,"1,706.8 sq mi","4,420.6 km2",171/sq mi,66/km2,61°10′N 149°17′W﻿ / ﻿61.17°N 149.28°W﻿ / 61.17; -149.28﻿ (Anchorage)
74,Jersey City,New Jersey,"286,670","292,449",−1.98%,14.7 sq mi,38.1 km2,"19,894/sq mi","7,681/km2",40°43′N 74°04′W﻿ / ﻿40.71°N 74.06°W﻿ / 40.71; -74.06﻿ (Jersey City)
75,St. Louis[m],Missouri,"286,578","301,578",−4.97%,61.7 sq mi,159.8 km2,"4,888/sq mi","1,887/km2",38°38′N 90°14′W﻿ / ﻿38.64°N 90.24°W﻿ / 38.64; -90.24﻿ (St. Louis)
76,Chandler,Arizona,"280,711","275,987",+1.71%,65.3 sq mi,169.1 km2,"4,226/sq mi","1,632/km2",33°17′N 111°51′W﻿ / ﻿33.28°N 111.85°W﻿ / 33.28; -111.85﻿ (Chandler)
77,North Las Vegas,Nevada,"280,543","262,527",+6.86%,101.3 sq mi,262.4 km2,"2,592/sq mi","1,001/km2",36°17′N 115°05′W﻿ / ﻿36.28°N 115.09°W﻿ / 36.28; -115.09﻿ (North Las Vegas)
78,Chula Vista,California,"279,170","275,487",+1.34%,49.6 sq mi,128.5 km2,"5,554/sq mi","2,144/km2",32°38′N 117°01′W﻿ / ﻿32.63°N 117.02°W﻿ / 32.63; -117.02﻿ (Chula Vista)
79,Buffalo,New York,"276,486","278,349",−0.67%,40.4 sq mi,104.6 km2,"6,890/sq mi","2,660/km2",42°53′N 78°52′W﻿ / ﻿42.89°N 78.86°W﻿ / 42.89; -78.86﻿ (Buffalo)
80,Gilbert[r],Arizona,"275,346","267,918",+2.77%,68.6 sq mi,177.7 km2,"3,906/sq mi","1,508/km2",33°19′N 111°44′W﻿ / ﻿33.31°N 111.74°W﻿ / 33.31; -111.74﻿ (Gilbert)
81,Reno,Nevada,"273,448","264,165",+3.51%,108.8 sq mi,281.8 km2,"2,428/sq mi",937/km2,39°33′N 119°51′W﻿ / ﻿39.55°N 119.85°W﻿ / 39.55; -119.85﻿ (Reno)
82,Madison,Wisconsin,"272,903","269,840",+1.14%,79.6 sq mi,206.2 km2,"3,390/sq mi","1,310/km2",43°05′N 89°26′W﻿ / ﻿43.09°N 89.43°W﻿ / 43.09; -89.43﻿ (Madison)
83,Fort Wayne,Indiana,"267,927","263,886",+1.53%,110.7 sq mi,286.7 km2,"2,384/sq mi",920/km2,41°05′N 85°08′W﻿ / ﻿41.09°N 85.14°W﻿ / 41.09; -85.14﻿ (Fort Wayne)
84,Toledo,Ohio,"266,301","270,871",−1.69%,80.5 sq mi,208.5 km2,"3,365/sq mi","1,299/km2",41°40′N 83°35′W﻿ / ﻿41.66°N 83.58°W﻿ / 41.66; -83.58﻿ (Toledo)
85,Lubbock,Texas,"263,930","257,141",+2.64%,134.6 sq mi,348.6 km2,"1,910/sq mi",740/km2,33°34′N 101°53′W﻿ / ﻿33.57°N 101.89°W﻿ / 33.57; -101.89﻿ (Lubbock)
86,St. Petersburg,Florida,"261,256","258,308",+1.14%,61.8 sq mi,160.1 km2,"4,180/sq mi","1,610/km2",27°46′N 82°38′W﻿ / ﻿27.77°N 82.64°W﻿ / 27.77; -82.64﻿ (St. Petersburg)
87,Laredo,Texas,"256,187","255,205",+0.38%,106.5 sq mi,275.8 km2,"2,396/sq mi",925/km2,27°34′N 99°29′W﻿ / ﻿27.56°N 99.49°W﻿ / 27.56; -99.49﻿ (Laredo)
88,Irving,Texas,"254,715","256,684",−0.77%,67.0 sq mi,173.5 km2,"3,831/sq mi","1,479/km2",32°52′N 96°58′W﻿ / ﻿32.86°N 96.97°W﻿ / 32.86; -96.97﻿ (Irving)
89,Chesapeake[m],Virginia,"252,488","249,422",+1.23%,338.5 sq mi,876.7 km2,737/sq mi,285/km2,36°41′N 76°18′W﻿ / ﻿36.68°N 76.30°W﻿ / 36.68; -76.30﻿ (Chesapeake)
90,Glendale,Arizona,"252,136","248,325",+1.53%,61.6 sq mi,159.5 km2,"4,031/sq mi","1,556/km2",33°32′N 112°11′W﻿ / ﻿33.53°N 112.19°W﻿ / 33.53; -112.19﻿ (Glendale)
91,Winston-Salem,North Carolina,"251,350","249,545",+0.72%,132.7 sq mi,343.7 km2,"1,881/sq mi",726/km2,36°06′N 80°16′W﻿ / ﻿36.10°N 80.26°W﻿ / 36.10; -80.26﻿ (Winston-Salem)
92,Scottsdale,Arizona,"243,050","241,361",+0.70%,184.0 sq mi,476.6 km2,"1,312/sq mi",507/km2,33°41′N 111°52′W﻿ / ﻿33.68°N 111.86°W﻿ / 33.68; -111.86﻿ (Scottsdale)
93,Garland,Texas,"240,854","246,018",−2.10%,57.1 sq mi,147.9 km2,"4,309/sq mi","1,664/km2",32°55′N 96°38′W﻿ / ﻿32.91°N 96.63°W﻿ / 32.91; -96.63﻿ (Garland)
94,Boise[s],Idaho,"236,634","235,684",+0.40%,84.0 sq mi,217.6 km2,"2,806/sq mi","1,083/km2",43°36′N 116°14′W﻿ / ﻿43.60°N 116.23°W﻿ / 43.60; -116.23﻿ (Boise)
95,Norfolk[m],Virginia,"232,995","238,005",−2.10%,53.3 sq mi,138.0 km2,"4,465/sq mi","1,724/km2",36°55′N 76°14′W﻿ / ﻿36.92°N 76.24°W﻿ / 36.92; -76.24﻿ (Norfolk)
96,Port St. Lucie,Florida,"231,790","204,851",+13.15%,119.2 sq mi,308.7 km2,"1,719/sq mi",664/km2,27°17′N 80°23′W﻿ / ﻿27.28°N 80.39°W﻿ / 27.28; -80.39﻿ (Port St. Lucie)
97,Spokane,Washington,"230,160","228,989",+0.51%,68.8 sq mi,178.2 km2,"3,328/sq mi","1,285/km2",47°40′N 117°26′W﻿ / ﻿47.67°N 117.43°W﻿ / 47.67; -117.43﻿ (Spokane)
98,Richmond[m],Virginia,"229,395","226,610",+1.23%,59.9 sq mi,155.1 km2,"3,783/sq mi","1,461/km2",37°32′N 77°29′W﻿ / ﻿37.53°N 77.48°W﻿ / 37.53; -77.48﻿ (Richmond)
99,Fremont,California,"223,871","230,504",−2.88%,78.3 sq mi,202.8 km2,"2,944/sq mi","1,137/km2",37°29′N 121°56′W﻿ / ﻿37.49°N 121.94°W﻿ / 37.49; -121.94﻿ (Fremont)
100,Huntsville,Alabama,"221,933","215,006",+3.22%,218.1 sq mi,564.9 km2,986/sq mi,381/km2,34°47′N 86°32′W﻿ / ﻿34.78°N 86.53°W﻿ / 34.78; -86.53﻿ (Huntsville)
101,Tacoma,Washington,"221,776","219,346",+1.11%,49.7 sq mi,128.7 km2,"4,413/sq mi","1,704/km2",47°15′N 122°28′W﻿ / ﻿47.25°N 122.46°W﻿ / 47.25; -122.46﻿ (Tacoma)
102,Baton Rouge[t],Louisiana,"221,453","227,470",−2.65%,86.3 sq mi,223.5 km2,"2,636/sq mi","1,018/km2",30°26′N 91°08′W﻿ / ﻿30.44°N 91.13°W﻿ / 30.44; -91.13﻿ (Baton Rouge)
103,Santa Clarita,California,"221,345","228,673",−3.20%,70.8 sq mi,183.4 km2,"3,230/sq mi","1,250/km2",34°25′N 118°29′W﻿ / ﻿34.41°N 118.49°W﻿ / 34.41; -118.49﻿ (Santa Clarita)
104,San Bernardino,California,"220,328","222,101",−0.80%,62.1 sq mi,160.8 km2,"3,577/sq mi","1,381/km2",34°08′N 117°17′W﻿ / ﻿34.14°N 117.29°W﻿ / 34.14; -117.29﻿ (San Bernardino)
105,Hialeah,Florida,"220,292","223,109",−1.26%,21.6 sq mi,55.9 km2,"10,329/sq mi","3,988/km2",25°52′N 80°18′W﻿ / ﻿25.87°N 80.30°W﻿ / 25.87; -80.30﻿ (Hialeah)
106,Frisco,Texas,"219,587","200,509",+9.51%,68.6 sq mi,177.7 km2,"2,923/sq mi","1,129/km2",33°10′N 96°49′W﻿ / ﻿33.16°N 96.82°W﻿ / 33.16; -96.82﻿ (Frisco)
107,Modesto,California,"218,069","218,464",−0.18%,43.0 sq mi,111.4 km2,"5,081/sq mi","1,962/km2",37°38′N 121°00′W﻿ / ﻿37.64°N 121.00°W﻿ / 37.64; -121.00﻿ (Modesto)
108,Cape Coral,Florida,"216,992","194,016",+11.84%,106.0 sq mi,274.5 km2,"1,830/sq mi",710/km2,26°39′N 81°59′W﻿ / ﻿26.65°N 81.99°W﻿ / 26.65; -81.99﻿ (Cape Coral)
109,Fontana,California,"212,475","208,393",+1.96%,43.1 sq mi,111.6 km2,"4,835/sq mi","1,867/km2",34°07′N 117°28′W﻿ / ﻿34.11°N 117.46°W﻿ / 34.11; -117.46﻿ (Fontana)
110,Moreno Valley,California,"211,924","208,634",+1.58%,51.3 sq mi,132.9 km2,"4,067/sq mi","1,570/km2",33°55′N 117°13′W﻿ / ﻿33.92°N 117.21°W﻿ / 33.92; -117.21﻿ (Moreno Valley)
111,Des Moines,Iowa,"211,034","214,133",−1.45%,88.2 sq mi,228.4 km2,"2,428/sq mi",937/km2,41°34′N 93°37′W﻿ / ﻿41.57°N 93.61°W﻿ / 41.57; -93.61﻿ (Des Moines)
112,Rochester,New York,"209,352","211,328",−0.94%,35.8 sq mi,92.7 km2,"5,903/sq mi","2,279/km2",43°10′N 77°37′W﻿ / ﻿43.17°N 77.62°W﻿ / 43.17; -77.62﻿ (Rochester)
113,Fayetteville,North Carolina,"208,873","208,501",+0.18%,148.3 sq mi,384.1 km2,"1,406/sq mi",543/km2,35°05′N 78°58′W﻿ / ﻿35.08°N 78.97°W﻿ / 35.08; -78.97﻿ (Fayetteville)
114,Yonkers,New York,"208,121","211,569",−1.63%,18.0 sq mi,46.6 km2,"11,754/sq mi","4,538/km2",40°57′N 73°52′W﻿ / ﻿40.95°N 73.87°W﻿ / 40.95; -73.87﻿ (Yonkers)
115,McKinney,Texas,"207,507","195,308",+6.25%,67.0 sq mi,173.5 km2,"2,915/sq mi","1,125/km2",33°12′N 96°40′W﻿ / ﻿33.20°N 96.66°W﻿ / 33.20; -96.66﻿ (McKinney)
116,Worcester,Massachusetts,"205,319","206,518",−0.58%,37.4 sq mi,96.9 km2,"5,522/sq mi","2,132/km2",42°16′N 71°49′W﻿ / ﻿42.27°N 71.81°W﻿ / 42.27; -71.81﻿ (Worcester)
117,Salt Lake City,Utah,"204,657","199,723",+2.47%,110.3 sq mi,285.7 km2,"1,811/sq mi",699/km2,40°47′N 111°56′W﻿ / ﻿40.78°N 111.93°W﻿ / 40.78; -111.93﻿ (Salt Lake City)
118,Little Rock,Arkansas,"202,864","202,591",+0.13%,120.0 sq mi,310.8 km2,"1,688/sq mi",652/km2,34°43′N 92°22′W﻿ / ﻿34.72°N 92.36°W﻿ / 34.72; -92.36﻿ (Little Rock)
119,Columbus[u],Georgia,"202,616","206,922",−2.08%,216.5 sq mi,560.7 km2,956/sq mi,369/km2,32°31′N 84°52′W﻿ / ﻿32.51°N 84.87°W﻿ / 32.51; -84.87﻿ (Columbus)
120,Augusta[v],Georgia,"202,096","202,081",+0.01%,302.3 sq mi,783.0 km2,668/sq mi,258/km2,33°22′N 82°04′W﻿ / ﻿33.37°N 82.07°W﻿ / 33.37; -82.07﻿ (Augusta)
121,Sioux Falls,South Dakota,"202,078","192,517",+4.97%,79.1 sq mi,204.9 km2,"2,434/sq mi",940/km2,43°32′N 96°44′W﻿ / ﻿43.54°N 96.73°W﻿ / 43.54; -96.73﻿ (Sioux Falls)
122,Grand Prairie,Texas,"201,843","196,100",+2.93%,72.6 sq mi,188.0 km2,"2,701/sq mi","1,043/km2",32°41′N 97°01′W﻿ / ﻿32.69°N 97.02°W﻿ / 32.69; -97.02﻿ (Grand Prairie)
123,Tallahassee,Florida,"201,731","196,169",+2.84%,100.9 sq mi,261.3 km2,"1,944/sq mi",751/km2,30°28′N 84°15′W﻿ / ﻿30.46°N 84.25°W﻿ / 30.46; -84.25﻿ (Tallahassee)
124,Amarillo,Texas,"201,291","200,393",+0.45%,102.3 sq mi,265.0 km2,"1,959/sq mi",756/km2,35°12′N 101°50′W﻿ / ﻿35.20°N 101.83°W﻿ / 35.20; -101.83﻿ (Amarillo)
125,Oxnard,California,"200,415","202,063",−0.82%,26.5 sq mi,68.6 km2,"7,625/sq mi","2,944/km2",34°12′N 119°13′W﻿ / ﻿34.20°N 119.21°W﻿ / 34.20; -119.21﻿ (Oxnard)
126,Peoria,Arizona,"197,866","190,985",+3.60%,176.1 sq mi,456.1 km2,"1,085/sq mi",419/km2,33°47′N 112°19′W﻿ / ﻿33.79°N 112.31°W﻿ / 33.79; -112.31﻿ (Peoria)
127,Overland Park,Kansas,"197,726","197,238",+0.25%,75.2 sq mi,194.8 km2,"2,623/sq mi","1,013/km2",38°53′N 94°41′W﻿ / ﻿38.89°N 94.69°W﻿ / 38.89; -94.69﻿ (Overland Park)
128,Montgomery,Alabama,"196,986","200,603",−1.80%,159.9 sq mi,414.1 km2,"1,255/sq mi",485/km2,32°21′N 86°16′W﻿ / ﻿32.35°N 86.27°W﻿ / 32.35; -86.27﻿ (Montgomery)
129,Birmingham,Alabama,"196,910","200,733",−1.90%,147.0 sq mi,380.7 km2,"1,366/sq mi",527/km2,33°32′N 86°48′W﻿ / ﻿33.53°N 86.80°W﻿ / 33.53; -86.80﻿ (Birmingham)
130,Grand Rapids,Michigan,"196,908","198,917",−1.01%,44.8 sq mi,116.0 km2,"4,440/sq mi","1,710/km2",42°58′N 85°40′W﻿ / ﻿42.96°N 85.66°W﻿ / 42.96; -85.66﻿ (Grand Rapids)
131,Knoxville,Tennessee,"195,889","190,740",+2.70%,98.7 sq mi,255.6 km2,"1,933/sq mi",746/km2,35°58′N 83°57′W﻿ / ﻿35.97°N 83.95°W﻿ / 35.97; -83.95﻿ (Knoxville)
132,Vancouver,Washington,"194,512","190,915",+1.88%,48.7 sq mi,126.1 km2,"3,920/sq mi","1,510/km2",45°38′N 122°36′W﻿ / ﻿45.64°N 122.60°W﻿ / 45.64; -122.60﻿ (Vancouver)
133,Huntington Beach,California,"194,310","198,711",−2.21%,27.0 sq mi,69.9 km2,"7,360/sq mi","2,840/km2",33°42′N 118°00′W﻿ / ﻿33.70°N 118.00°W﻿ / 33.70; -118.00﻿ (Huntington Beach)
134,Providence,Rhode Island,"189,563","190,934",−0.72%,18.4 sq mi,47.7 km2,"10,377/sq mi","4,007/km2",41°49′N 71°25′W﻿ / ﻿41.82°N 71.42°W﻿ / 41.82; -71.42﻿ (Providence)
135,Brownsville,Texas,"189,382","186,738",+1.42%,131.5 sq mi,340.6 km2,"1,420/sq mi",550/km2,26°00′N 97°27′W﻿ / ﻿26.00°N 97.45°W﻿ / 26.00; -97.45﻿ (Brownsville)
136,Glendale,California,"189,221","196,543",−3.73%,30.5 sq mi,79.0 km2,"6,444/sq mi","2,488/km2",34°11′N 118°15′W﻿ / ﻿34.18°N 118.25°W﻿ / 34.18; -118.25﻿ (Glendale)
137,Akron,Ohio,"188,509","190,469",−1.03%,61.9 sq mi,160.3 km2,"3,077/sq mi","1,188/km2",41°05′N 81°31′W﻿ / ﻿41.08°N 81.52°W﻿ / 41.08; -81.52﻿ (Akron)
138,Tempe,Arizona,"185,950","180,587",+2.97%,39.9 sq mi,103.3 km2,"4,526/sq mi","1,747/km2",33°23′N 111°56′W﻿ / ﻿33.39°N 111.93°W﻿ / 33.39; -111.93﻿ (Tempe)
139,Newport News[m],Virginia,"184,306","186,247",−1.04%,69.0 sq mi,178.7 km2,"2,699/sq mi","1,042/km2",37°05′N 76°31′W﻿ / ﻿37.08°N 76.52°W﻿ / 37.08; -76.52﻿ (Newport News)
140,Chattanooga,Tennessee,"184,086","181,099",+1.65%,142.4 sq mi,368.8 km2,"1,272/sq mi",491/km2,35°04′N 85°15′W﻿ / ﻿35.07°N 85.25°W﻿ / 35.07; -85.25﻿ (Chattanooga)
141,Mobile,Alabama,"183,289","187,041",−2.01%,139.5 sq mi,361.3 km2,"1,341/sq mi",518/km2,30°40′N 88°06′W﻿ / ﻿30.67°N 88.10°W﻿ / 30.67; -88.10﻿ (Mobile)
142,Fort Lauderdale,Florida,"183,146","182,760",+0.21%,34.6 sq mi,89.6 km2,"5,282/sq mi","2,039/km2",26°08′N 80°09′W﻿ / ﻿26.14°N 80.15°W﻿ / 26.14; -80.15﻿ (Fort Lauderdale)
143,Cary,North Carolina,"180,388","174,721",+3.24%,59.2 sq mi,153.3 km2,"2,951/sq mi","1,139/km2",35°47′N 78°49′W﻿ / ﻿35.78°N 78.82°W﻿ / 35.78; -78.82﻿ (Cary)
144,Shreveport,Louisiana,"180,153","187,593",−3.97%,107.8 sq mi,279.2 km2,"1,740/sq mi",670/km2,32°28′N 93°47′W﻿ / ﻿32.47°N 93.79°W﻿ / 32.47; -93.79﻿ (Shreveport)
145,Ontario,California,"179,061","175,265",+2.17%,50.0 sq mi,129.5 km2,"3,505/sq mi","1,353/km2",34°02′N 117°36′W﻿ / ﻿34.04°N 117.60°W﻿ / 34.04; -117.60﻿ (Ontario)
146,Eugene,Oregon,"177,923","176,654",+0.72%,44.2 sq mi,114.5 km2,"3,997/sq mi","1,543/km2",44°04′N 123°07′W﻿ / ﻿44.06°N 123.12°W﻿ / 44.06; -123.12﻿ (Eugene)
147,Aurora,Illinois,"177,866","180,542",−1.48%,45.0 sq mi,116.5 km2,"4,012/sq mi","1,549/km2",41°46′N 88°17′W﻿ / ﻿41.76°N 88.29°W﻿ / 41.76; -88.29﻿ (Aurora)
148,Elk Grove,California,"177,558","176,124",+0.81%,42.0 sq mi,108.8 km2,"4,193/sq mi","1,619/km2",38°25′N 121°23′W﻿ / ﻿38.41°N 121.38°W﻿ / 38.41; -121.38﻿ (Elk Grove)
149,Salem,Oregon,"177,487","175,535",+1.11%,48.8 sq mi,126.4 km2,"3,597/sq mi","1,389/km2",44°55′N 123°01′W﻿ / ﻿44.92°N 123.02°W﻿ / 44.92; -123.02﻿ (Salem)
150,Santa Rosa,California,"177,181","178,127",−0.53%,42.5 sq mi,110.1 km2,"4,191/sq mi","1,618/km2",38°27′N 122°43′W﻿ / ﻿38.45°N 122.71°W﻿ / 38.45; -122.71﻿ (Santa Rosa)
151,Clarksville,Tennessee,"176,974","166,722",+6.15%,99.4 sq mi,257.4 km2,"1,677/sq mi",647/km2,36°34′N 87°21′W﻿ / ﻿36.57°N 87.35°W﻿ / 36.57; -87.35﻿ (Clarksville)
152,Rancho Cucamonga,California,"176,336","174,453",+1.08%,40.1 sq mi,103.9 km2,"4,350/sq mi","1,680/km2",34°07′N 117°34′W﻿ / ﻿34.12°N 117.56°W﻿ / 34.12; -117.56﻿ (Rancho Cucamonga)
153,Oceanside,California,"172,199","174,068",−1.07%,41.3 sq mi,107.0 km2,"4,215/sq mi","1,627/km2",33°13′N 117°19′W﻿ / ﻿33.22°N 117.31°W﻿ / 33.22; -117.31﻿ (Oceanside)
154,Springfield,Missouri,"170,067","169,176",+0.53%,82.4 sq mi,213.4 km2,"2,053/sq mi",793/km2,37°11′N 93°17′W﻿ / ﻿37.19°N 93.29°W﻿ / 37.19; -93.29﻿ (Springfield)
155,Pembroke Pines,Florida,"169,876","171,178",−0.76%,32.7 sq mi,84.7 km2,"5,235/sq mi","2,021/km2",26°01′N 80°20′W﻿ / ﻿26.01°N 80.34°W﻿ / 26.01; -80.34﻿ (Pembroke Pines)
156,Garden Grove,California,"169,254","171,949",−1.57%,18.0 sq mi,46.6 km2,"9,553/sq mi","3,688/km2",33°47′N 117°58′W﻿ / ﻿33.78°N 117.96°W﻿ / 33.78; -117.96﻿ (Garden Grove)
157,Fort Collins,Colorado,"169,249","169,810",−0.33%,57.2 sq mi,148.1 km2,"2,969/sq mi","1,146/km2",40°33′N 105°04′W﻿ / ﻿40.55°N 105.06°W﻿ / 40.55; -105.06﻿ (Fort Collins)
158,Lancaster,California,"169,185","173,516",−2.50%,94.3 sq mi,244.2 km2,"1,840/sq mi",710/km2,34°41′N 118°11′W﻿ / ﻿34.69°N 118.18°W﻿ / 34.69; -118.18﻿ (Lancaster)
159,Palmdale,California,"163,463","169,450",−3.53%,106.1 sq mi,274.8 km2,"1,597/sq mi",617/km2,34°35′N 118°07′W﻿ / ﻿34.59°N 118.11°W﻿ / 34.59; -118.11﻿ (Palmdale)
160,Murfreesboro,Tennessee,"162,398","152,769",+6.30%,62.9 sq mi,162.9 km2,"2,429/sq mi",938/km2,35°51′N 86°25′W﻿ / ﻿35.85°N 86.42°W﻿ / 35.85; -86.42﻿ (Murfreesboro)
161,Salinas,California,"161,020","163,542",−1.54%,23.5 sq mi,60.9 km2,"6,959/sq mi","2,687/km2",36°41′N 121°38′W﻿ / ﻿36.69°N 121.63°W﻿ / 36.69; -121.63﻿ (Salinas)
162,Corona,California,"159,567","157,136",+1.55%,39.9 sq mi,103.3 km2,"3,938/sq mi","1,520/km2",33°52′N 117°34′W﻿ / ﻿33.86°N 117.57°W﻿ / 33.86; -117.57﻿ (Corona)
163,Killeen,Texas,"159,172","153,095",+3.97%,54.8 sq mi,141.9 km2,"2,794/sq mi","1,079/km2",31°05′N 97°44′W﻿ / ﻿31.08°N 97.73°W﻿ / 31.08; -97.73﻿ (Killeen)
164,Hayward,California,"156,754","162,954",−3.80%,45.8 sq mi,118.6 km2,"3,558/sq mi","1,374/km2",37°38′N 122°06′W﻿ / ﻿37.63°N 122.10°W﻿ / 37.63; -122.10﻿ (Hayward)
165,Paterson,New Jersey,"156,661","159,732",−1.92%,8.4 sq mi,21.8 km2,"19,016/sq mi","7,342/km2",40°55′N 74°10′W﻿ / ﻿40.91°N 74.16°W﻿ / 40.91; -74.16﻿ (Paterson)
166,Macon[w],Georgia,"156,197","157,346",−0.73%,249.4 sq mi,645.9 km2,631/sq mi,244/km2,32°49′N 83°41′W﻿ / ﻿32.81°N 83.69°W﻿ / 32.81; -83.69﻿ (Macon)
167,Lakewood,Colorado,"156,120","155,984",+0.09%,43.5 sq mi,112.7 km2,"3,586/sq mi","1,385/km2",39°42′N 105°07′W﻿ / ﻿39.70°N 105.12°W﻿ / 39.70; -105.12﻿ (Lakewood)
168,Alexandria[m],Virginia,"155,525","159,467",−2.47%,14.9 sq mi,38.6 km2,"10,702/sq mi","4,132/km2",38°49′N 77°05′W﻿ / ﻿38.82°N 77.08°W﻿ / 38.82; -77.08﻿ (Alexandria)
169,Roseville,California,"154,817","147,773",+4.77%,44.1 sq mi,114.2 km2,"3,351/sq mi","1,294/km2",38°46′N 121°19′W﻿ / ﻿38.77°N 121.32°W﻿ / 38.77; -121.32﻿ (Roseville)
170,Surprise,Arizona,"154,198","143,148",+7.72%,110.3 sq mi,285.7 km2,"1,298/sq mi",501/km2,33°40′N 112°27′W﻿ / ﻿33.67°N 112.45°W﻿ / 33.67; -112.45﻿ (Surprise)
171,Springfield,Massachusetts,"154,064","155,929",−1.20%,31.9 sq mi,82.6 km2,"4,888/sq mi","1,887/km2",42°07′N 72°32′W﻿ / ﻿42.12°N 72.54°W﻿ / 42.12; -72.54﻿ (Springfield)
172,Charleston,South Carolina,"153,672","150,227",+2.29%,114.8 sq mi,297.3 km2,"1,309/sq mi",505/km2,32°50′N 79°58′W﻿ / ﻿32.83°N 79.97°W﻿ / 32.83; -79.97﻿ (Charleston)
173,Kansas City[x],Kansas,"153,345","156,607",−2.08%,124.7 sq mi,323.0 km2,"1,256/sq mi",485/km2,39°07′N 94°44′W﻿ / ﻿39.12°N 94.74°W﻿ / 39.12; -94.74﻿ (Kansas City)
174,Sunnyvale,California,"153,091","155,805",−1.74%,22.1 sq mi,57.2 km2,"7,050/sq mi","2,720/km2",37°23′N 122°02′W﻿ / ﻿37.39°N 122.03°W﻿ / 37.39; -122.03﻿ (Sunnyvale)
175,Bellevue,Washington,"152,767","151,854",+0.60%,33.5 sq mi,86.8 km2,"4,533/sq mi","1,750/km2",47°36′N 122°10′W﻿ / ﻿47.60°N 122.16°W﻿ / 47.60; -122.16﻿ (Bellevue)
176,Hollywood,Florida,"152,650","153,067",−0.27%,27.3 sq mi,70.7 km2,"5,607/sq mi","2,165/km2",26°02′N 80°10′W﻿ / ﻿26.03°N 80.16°W﻿ / 26.03; -80.16﻿ (Hollywood)
177,Denton,Texas,"150,353","139,869",+7.50%,96.4 sq mi,249.7 km2,"1,451/sq mi",560/km2,33°13′N 97°08′W﻿ / ﻿33.22°N 97.14°W﻿ / 33.22; -97.14﻿ (Denton)
178,Escondido,California,"150,270","151,038",−0.51%,37.3 sq mi,96.6 km2,"4,049/sq mi","1,563/km2",33°08′N 117°04′W﻿ / ﻿33.13°N 117.07°W﻿ / 33.13; -117.07﻿ (Escondido)
179,Joliet,Illinois,"150,033","150,362",−0.22%,64.5 sq mi,167.1 km2,"2,331/sq mi",900/km2,41°31′N 88°09′W﻿ / ﻿41.52°N 88.15°W﻿ / 41.52; -88.15﻿ (Joliet)
180,Naperville,Illinois,"149,936","149,540",+0.26%,39.1 sq mi,101.3 km2,"3,825/sq mi","1,477/km2",41°45′N 88°10′W﻿ / ﻿41.75°N 88.16°W﻿ / 41.75; -88.16﻿ (Naperville)
181,Bridgeport,Connecticut,"148,377","148,654",−0.19%,16.1 sq mi,41.7 km2,"9,233/sq mi","3,565/km2",41°11′N 73°12′W﻿ / ﻿41.19°N 73.20°W﻿ / 41.19; -73.20﻿ (Bridgeport)
182,Savannah,Georgia,"148,004","147,780",+0.15%,106.8 sq mi,276.6 km2,"1,384/sq mi",534/km2,32°00′N 81°09′W﻿ / ﻿32.00°N 81.15°W﻿ / 32.00; -81.15﻿ (Savannah)
183,Mesquite,Texas,"147,899","150,108",−1.47%,48.5 sq mi,125.6 km2,"3,095/sq mi","1,195/km2",32°46′N 96°35′W﻿ / ﻿32.76°N 96.59°W﻿ / 32.76; -96.59﻿ (Mesquite)
184,Pasadena,Texas,"147,662","151,950",−2.82%,43.7 sq mi,113.2 km2,"3,477/sq mi","1,342/km2",29°39′N 95°09′W﻿ / ﻿29.65°N 95.15°W﻿ / 29.65; -95.15﻿ (Pasadena)
185,Rockford,Illinois,"146,713","148,655",−1.31%,64.5 sq mi,167.1 km2,"2,305/sq mi",890/km2,42°16′N 89°04′W﻿ / ﻿42.26°N 89.06°W﻿ / 42.26; -89.06﻿ (Rockford)
186,Pomona,California,"146,017","151,713",−3.75%,23.0 sq mi,59.6 km2,"6,596/sq mi","2,547/km2",34°04′N 117°46′W﻿ / ﻿34.06°N 117.76°W﻿ / 34.06; -117.76﻿ (Pomona)
187,Jackson,Mississippi,"145,995","153,701",−5.01%,111.7 sq mi,289.3 km2,"1,376/sq mi",531/km2,32°19′N 90°13′W﻿ / ﻿32.32°N 90.21°W﻿ / 32.32; -90.21﻿ (Jackson)
188,Olathe,Kansas,"145,616","141,290",+3.06%,61.9 sq mi,160.3 km2,"2,283/sq mi",881/km2,38°53′N 94°49′W﻿ / ﻿38.88°N 94.82°W﻿ / 38.88; -94.82﻿ (Olathe)
189,Gainesville,Florida,"145,214","141,085",+2.93%,63.2 sq mi,163.7 km2,"2,232/sq mi",862/km2,29°41′N 82°21′W﻿ / ﻿29.68°N 82.35°W﻿ / 29.68; -82.35﻿ (Gainesville)
190,McAllen,Texas,"144,579","142,210",+1.67%,62.3 sq mi,161.4 km2,"2,283/sq mi",881/km2,26°13′N 98°15′W﻿ / ﻿26.22°N 98.25°W﻿ / 26.22; -98.25﻿ (McAllen)
191,Syracuse,New York,"144,451","148,620",−2.81%,25.1 sq mi,65.0 km2,"5,921/sq mi","2,286/km2",43°02′N 76°08′W﻿ / ﻿43.04°N 76.14°W﻿ / 43.04; -76.14﻿ (Syracuse)
192,Waco,Texas,"143,984","138,486",+3.97%,88.7 sq mi,229.7 km2,"1,561/sq mi",603/km2,31°34′N 97°11′W﻿ / ﻿31.56°N 97.19°W﻿ / 31.56; -97.19﻿ (Waco)
193,Visalia,California,"143,966","141,384",+1.83%,37.9 sq mi,98.2 km2,"3,730/sq mi","1,440/km2",36°20′N 119°20′W﻿ / ﻿36.33°N 119.33°W﻿ / 36.33; -119.33﻿ (Visalia)
194,Thornton,Colorado,"143,282","141,867",+1.00%,35.9 sq mi,93.0 km2,"3,952/sq mi","1,526/km2",39°55′N 104°56′W﻿ / ﻿39.92°N 104.94°W﻿ / 39.92; -104.94﻿ (Thornton)
195,Torrance,California,"141,126","147,067",−4.04%,20.5 sq mi,53.1 km2,"7,174/sq mi","2,770/km2",33°50′N 118°22′W﻿ / ﻿33.83°N 118.36°W﻿ / 33.83; -118.36﻿ (Torrance)
196,Fullerton,California,"140,541","143,617",−2.14%,22.4 sq mi,58.0 km2,"6,411/sq mi","2,475/km2",33°53′N 117°56′W﻿ / ﻿33.89°N 117.93°W﻿ / 33.89; -117.93﻿ (Fullerton)
197,Columbia,South Carolina,"139,698","136,632",+2.24%,136.8 sq mi,354.3 km2,999/sq mi,386/km2,34°02′N 80°55′W﻿ / ﻿34.04°N 80.91°W﻿ / 34.04; -80.91﻿ (Columbia)
198,Lakewood,New Jersey,"139,506","135,158",+3.22%,24.7 sq mi,64.0 km2,"5,472/sq mi","2,113/km2",40°05′N 74°12′W﻿ / ﻿40.08°N 74.20°W﻿ / 40.08; -74.20﻿ (Lakewood)
199,New Haven,Connecticut,"138,915","134,023",+3.65%,18.7 sq mi,48.4 km2,"7,167/sq mi","2,767/km2",41°19′N 72°55′W﻿ / ﻿41.31°N 72.92°W﻿ / 41.31; -72.92﻿ (New Haven)
200,Hampton[m],Virginia,"138,037","137,148",+0.65%,51.5 sq mi,133.4 km2,"2,663/sq mi","1,028/km2",37°03′N 76°18′W﻿ / ﻿37.05°N 76.30°W﻿ / 37.05; -76.30﻿ (Hampton)
201,Miramar,Florida,"137,228","134,721",+1.86%,28.9 sq mi,74.9 km2,"4,662/sq mi","1,800/km2",25°58′N 80°20′W﻿ / ﻿25.97°N 80.34°W﻿ / 25.97; -80.34﻿ (Miramar)
202,Victorville,California,"137,221","134,810",+1.79%,73.7 sq mi,190.9 km2,"1,829/sq mi",706/km2,34°32′N 117°21′W﻿ / ﻿34.53°N 117.35°W﻿ / 34.53; -117.35﻿ (Victorville)
203,Warren,Michigan,"137,107","139,387",−1.64%,34.4 sq mi,89.1 km2,"4,052/sq mi","1,564/km2",42°29′N 83°02′W﻿ / ﻿42.49°N 83.03°W﻿ / 42.49; -83.03﻿ (Warren)
204,West Valley City,Utah,"136,650","140,230",−2.55%,35.8 sq mi,92.7 km2,"3,917/sq mi","1,512/km2",40°41′N 112°01′W﻿ / ﻿40.69°N 112.01°W﻿ / 40.69; -112.01﻿ (West Valley City)
205,Cedar Rapids,Iowa,"136,429","137,710",−0.93%,72.1 sq mi,186.7 km2,"1,910/sq mi",740/km2,41°58′N 91°41′W﻿ / ﻿41.97°N 91.68°W﻿ / 41.97; -91.68﻿ (Cedar Rapids)
206,Stamford,Connecticut,"136,188","135,470",+0.53%,37.6 sq mi,97.4 km2,"3,603/sq mi","1,391/km2",41°05′N 73°33′W﻿ / ﻿41.08°N 73.55°W﻿ / 41.08; -73.55﻿ (Stamford)
207,Orange,California,"136,178","139,911",−2.67%,25.7 sq mi,66.6 km2,"5,444/sq mi","2,102/km2",33°47′N 117°52′W﻿ / ﻿33.79°N 117.86°W﻿ / 33.79; -117.86﻿ (Orange)
208,Dayton,Ohio,"135,944","137,644",−1.24%,55.8 sq mi,144.5 km2,"2,467/sq mi",953/km2,39°47′N 84°12′W﻿ / ﻿39.78°N 84.20°W﻿ / 39.78; -84.20﻿ (Dayton)
209,Midland,Texas,"134,444","132,524",+1.45%,75.5 sq mi,195.5 km2,"1,755/sq mi",678/km2,32°01′N 102°07′W﻿ / ﻿32.02°N 102.11°W﻿ / 32.02; -102.11﻿ (Midland)
210,Kent,Washington,"134,392","136,588",−1.61%,33.8 sq mi,87.5 km2,"4,041/sq mi","1,560/km2",47°23′N 122°13′W﻿ / ﻿47.39°N 122.21°W﻿ / 47.39; -122.21﻿ (Kent)
211,Elizabeth,New Jersey,"134,283","137,298",−2.20%,12.3 sq mi,31.9 km2,"11,162/sq mi","4,310/km2",40°40′N 74°11′W﻿ / ﻿40.67°N 74.19°W﻿ / 40.67; -74.19﻿ (Elizabeth)
212,Pasadena,California,"134,211","138,699",−3.24%,23.0 sq mi,59.6 km2,"6,030/sq mi","2,330/km2",34°10′N 118°08′W﻿ / ﻿34.16°N 118.14°W﻿ / 34.16; -118.14﻿ (Pasadena)
213,Carrollton,Texas,"133,820","133,434",+0.29%,36.7 sq mi,95.1 km2,"3,636/sq mi","1,404/km2",32°59′N 96°54′W﻿ / ﻿32.99°N 96.90°W﻿ / 32.99; -96.90﻿ (Carrollton)
214,Coral Springs,Florida,"133,369","134,394",−0.76%,22.9 sq mi,59.3 km2,"5,869/sq mi","2,266/km2",26°16′N 80°16′W﻿ / ﻿26.27°N 80.26°W﻿ / 26.27; -80.26﻿ (Coral Springs)
215,Sterling Heights,Michigan,"132,567","134,346",−1.32%,36.4 sq mi,94.3 km2,"3,691/sq mi","1,425/km2",42°35′N 83°02′W﻿ / ﻿42.58°N 83.03°W﻿ / 42.58; -83.03﻿ (Sterling Heights)
216,Fargo,North Dakota,"131,444","125,990",+4.33%,49.8 sq mi,129.0 km2,"2,530/sq mi",980/km2,46°52′N 96°50′W﻿ / ﻿46.86°N 96.83°W﻿ / 46.86; -96.83﻿ (Fargo)
217,Lewisville,Texas,"131,215","111,822",+17.34%,37.0 sq mi,95.8 km2,"3,022/sq mi","1,167/km2",33°03′N 96°59′W﻿ / ﻿33.05°N 96.98°W﻿ / 33.05; -96.98﻿ (Lewisville)
218,Meridian,Idaho,"129,736","117,635",+10.29%,35.1 sq mi,90.9 km2,"3,351/sq mi","1,294/km2",43°37′N 116°24′W﻿ / ﻿43.61°N 116.40°W﻿ / 43.61; -116.40﻿ (Meridian)
219,Norman,Oklahoma,"129,627","128,026",+1.25%,178.8 sq mi,463.1 km2,716/sq mi,276/km2,35°14′N 97°21′W﻿ / ﻿35.24°N 97.35°W﻿ / 35.24; -97.35﻿ (Norman)
220,Palm Bay,Florida,"129,234","119,760",+7.91%,86.4 sq mi,223.8 km2,"1,386/sq mi",535/km2,27°58′N 80°40′W﻿ / ﻿27.96°N 80.66°W﻿ / 27.96; -80.66﻿ (Palm Bay)
221,Athens[y],Georgia,"128,561","127,315",+0.98%,116.3 sq mi,301.2 km2,"1,095/sq mi",423/km2,33°57′N 83°22′W﻿ / ﻿33.95°N 83.37°W﻿ / 33.95; -83.37﻿ (Athens)
222,Columbia,Missouri,"128,555","126,254",+1.82%,66.5 sq mi,172.2 km2,"1,899/sq mi",733/km2,38°57′N 92°20′W﻿ / ﻿38.95°N 92.33°W﻿ / 38.95; -92.33﻿ (Columbia)
223,Abilene,Texas,"127,385","125,182",+1.76%,106.7 sq mi,276.4 km2,"1,173/sq mi",453/km2,32°27′N 99°44′W﻿ / ﻿32.45°N 99.74°W﻿ / 32.45; -99.74﻿ (Abilene)
224,Pearland,Texas,"126,949","125,828",+0.89%,48.7 sq mi,126.1 km2,"2,584/sq mi",998/km2,29°34′N 95°19′W﻿ / ﻿29.56°N 95.32°W﻿ / 29.56; -95.32﻿ (Pearland)
225,Santa Clara,California,"126,930","127,647",−0.56%,18.3 sq mi,47.4 km2,"6,975/sq mi","2,693/km2",37°22′N 121°58′W﻿ / ﻿37.36°N 121.97°W﻿ / 37.36; -121.97﻿ (Santa Clara)
226,Round Rock,Texas,"126,697","119,468",+6.05%,37.6 sq mi,97.4 km2,"3,177/sq mi","1,227/km2",30°32′N 97°40′W﻿ / ﻿30.53°N 97.66°W﻿ / 30.53; -97.66﻿ (Round Rock)
227,Topeka,Kansas,"125,449","126,587",−0.90%,61.4 sq mi,159.0 km2,"2,062/sq mi",796/km2,39°02′N 95°41′W﻿ / ﻿39.03°N 95.69°W﻿ / 39.03; -95.69﻿ (Topeka)
228,Allentown,Pennsylvania,"125,094","125,845",−0.60%,17.6 sq mi,45.6 km2,"7,150/sq mi","2,760/km2",40°35′N 75°29′W﻿ / ﻿40.59°N 75.48°W﻿ / 40.59; -75.48﻿ (Allentown)
229,Clovis,California,"124,556","120,124",+3.69%,25.4 sq mi,65.8 km2,"4,729/sq mi","1,826/km2",36°50′N 119°41′W﻿ / ﻿36.83°N 119.68°W﻿ / 36.83; -119.68﻿ (Clovis)
230,Simi Valley,California,"124,398","126,356",−1.55%,41.5 sq mi,107.5 km2,"3,045/sq mi","1,176/km2",34°16′N 118°45′W﻿ / ﻿34.27°N 118.75°W﻿ / 34.27; -118.75﻿ (Simi Valley)
231,College Station,Texas,"124,319","120,511",+3.16%,51.2 sq mi,132.6 km2,"2,354/sq mi",909/km2,30°35′N 96°18′W﻿ / ﻿30.59°N 96.30°W﻿ / 30.59; -96.30﻿ (College Station)
232,Thousand Oaks,California,"124,265","126,966",−2.13%,55.3 sq mi,143.2 km2,"2,296/sq mi",886/km2,34°11′N 118°52′W﻿ / ﻿34.19°N 118.87°W﻿ / 34.19; -118.87﻿ (Thousand Oaks)
233,Vallejo,California,"123,564","126,090",−2.00%,30.4 sq mi,78.7 km2,"4,148/sq mi","1,602/km2",38°07′N 122°16′W﻿ / ﻿38.11°N 122.26°W﻿ / 38.11; -122.26﻿ (Vallejo)
234,Concord,California,"122,625","125,410",−2.22%,30.6 sq mi,79.3 km2,"4,098/sq mi","1,582/km2",37°58′N 122°00′W﻿ / ﻿37.97°N 122.00°W﻿ / 37.97; -122.00﻿ (Concord)
235,Rochester,Minnesota,"121,878","121,395",+0.40%,55.5 sq mi,143.7 km2,"2,187/sq mi",844/km2,44°01′N 92°29′W﻿ / ﻿44.02°N 92.48°W﻿ / 44.02; -92.48﻿ (Rochester)
236,Arvada,Colorado,"121,581","124,402",−2.27%,38.9 sq mi,100.8 km2,"3,198/sq mi","1,235/km2",39°50′N 105°09′W﻿ / ﻿39.83°N 105.15°W﻿ / 39.83; -105.15﻿ (Arvada)
237,Lafayette[z],Louisiana,"121,389","121,374",+0.01%,55.8 sq mi,144.5 km2,"2,175/sq mi",840/km2,30°13′N 92°02′W﻿ / ﻿30.21°N 92.03°W﻿ / 30.21; -92.03﻿ (Lafayette)
238,Independence,Missouri,"121,202","123,011",−1.47%,78.0 sq mi,202.0 km2,"1,577/sq mi",609/km2,39°05′N 94°21′W﻿ / ﻿39.09°N 94.35°W﻿ / 39.09; -94.35﻿ (Independence)
239,West Palm Beach,Florida,"120,932","117,415",+3.00%,53.8 sq mi,139.3 km2,"2,182/sq mi",842/km2,26°45′N 80°08′W﻿ / ﻿26.75°N 80.13°W﻿ / 26.75; -80.13﻿ (West Palm Beach)
240,Hartford,Connecticut,"120,686","121,054",−0.30%,17.4 sq mi,45.1 km2,"6,957/sq mi","2,686/km2",41°46′N 72°41′W﻿ / ﻿41.77°N 72.68°W﻿ / 41.77; -72.68﻿ (Hartford)
241,Wilmington,North Carolina,"120,324","115,451",+4.22%,51.4 sq mi,133.1 km2,"2,246/sq mi",867/km2,34°13′N 77°53′W﻿ / ﻿34.21°N 77.89°W﻿ / 34.21; -77.89﻿ (Wilmington)
242,Lakeland,Florida,"120,071","112,641",+6.60%,66.2 sq mi,171.5 km2,"1,702/sq mi",657/km2,28°04′N 81°57′W﻿ / ﻿28.06°N 81.95°W﻿ / 28.06; -81.95﻿ (Lakeland)
243,Billings,Montana,"119,960","117,116",+2.43%,44.8 sq mi,116.0 km2,"2,614/sq mi","1,009/km2",45°47′N 108°33′W﻿ / ﻿45.79°N 108.55°W﻿ / 45.79; -108.55﻿ (Billings)
244,Ann Arbor,Michigan,"119,875","123,851",−3.21%,28.2 sq mi,73.0 km2,"4,392/sq mi","1,696/km2",42°17′N 83°44′W﻿ / ﻿42.28°N 83.73°W﻿ / 42.28; -83.73﻿ (Ann Arbor)
245,Fairfield,California,"119,338","119,881",−0.45%,41.6 sq mi,107.7 km2,"2,882/sq mi","1,113/km2",38°16′N 122°02′W﻿ / ﻿38.26°N 122.03°W﻿ / 38.26; -122.03﻿ (Fairfield)
246,Berkeley,California,"118,950","124,321",−4.32%,10.4 sq mi,26.9 km2,"11,954/sq mi","4,615/km2",37°52′N 122°18′W﻿ / ﻿37.87°N 122.30°W﻿ / 37.87; -122.30﻿ (Berkeley)
247,Richardson,Texas,"118,802","119,469",−0.56%,28.6 sq mi,74.1 km2,"4,177/sq mi","1,613/km2",32°58′N 96°43′W﻿ / ﻿32.97°N 96.71°W﻿ / 32.97; -96.71﻿ (Richardson)
248,North Charleston,South Carolina,"118,608","114,852",+3.27%,77.6 sq mi,201.0 km2,"1,480/sq mi",570/km2,32°55′N 80°04′W﻿ / ﻿32.92°N 80.07°W﻿ / 32.92; -80.07﻿ (North Charleston)
249,Cambridge,Massachusetts,"118,488","118,403",+0.07%,6.4 sq mi,16.6 km2,"18,500/sq mi","7,100/km2",42°23′N 71°07′W﻿ / ﻿42.38°N 71.12°W﻿ / 42.38; -71.12﻿ (Cambridge)
250,Broken Arrow,Oklahoma,"117,911","113,540",+3.85%,63.0 sq mi,163.2 km2,"1,802/sq mi",696/km2,36°02′N 95°47′W﻿ / ﻿36.04°N 95.78°W﻿ / 36.04; -95.78﻿ (Broken Arrow)
251,Clearwater,Florida,"117,027","117,292",−0.23%,26.1 sq mi,67.6 km2,"4,494/sq mi","1,735/km2",27°59′N 82°46′W﻿ / ﻿27.98°N 82.77°W﻿ / 27.98; -82.77﻿ (Clearwater)
252,West Jordan,Utah,"116,664","116,961",−0.25%,32.3 sq mi,83.7 km2,"3,621/sq mi","1,398/km2",40°36′N 112°00′W﻿ / ﻿40.60°N 112.00°W﻿ / 40.60; -112.00﻿ (West Jordan)
253,Evansville,Indiana,"115,749","117,298",−1.32%,47.4 sq mi,122.8 km2,"2,475/sq mi",956/km2,37°59′N 87°32′W﻿ / ﻿37.99°N 87.53°W﻿ / 37.99; -87.53﻿ (Evansville)
254,League City,Texas,"115,418","114,392",+0.90%,51.3 sq mi,132.9 km2,"2,230/sq mi",860/km2,29°29′N 95°07′W﻿ / ﻿29.49°N 95.11°W﻿ / 29.49; -95.11﻿ (League City)
255,Antioch,California,"115,264","115,291",−0.02%,29.2 sq mi,75.6 km2,"3,948/sq mi","1,524/km2",37°59′N 121°48′W﻿ / ﻿37.98°N 121.80°W﻿ / 37.98; -121.80﻿ (Antioch)
256,Manchester,New Hampshire,"115,141","115,644",−0.43%,33.1 sq mi,85.7 km2,"3,494/sq mi","1,349/km2",42°59′N 71°26′W﻿ / ﻿42.98°N 71.44°W﻿ / 42.98; -71.44﻿ (Manchester)
257,High Point,North Carolina,"115,067","114,059",+0.88%,56.4 sq mi,146.1 km2,"2,022/sq mi",781/km2,35°59′N 79°59′W﻿ / ﻿35.99°N 79.99°W﻿ / 35.99; -79.99﻿ (High Point)
258,Waterbury,Connecticut,"115,016","114,403",+0.54%,28.5 sq mi,73.8 km2,"4,014/sq mi","1,550/km2",41°34′N 73°02′W﻿ / ﻿41.56°N 73.04°W﻿ / 41.56; -73.04﻿ (Waterbury)
259,Westminster,Colorado,"114,533","116,317",−1.53%,31.6 sq mi,81.8 km2,"3,681/sq mi","1,421/km2",39°53′N 105°04′W﻿ / ﻿39.88°N 105.06°W﻿ / 39.88; -105.06﻿ (Westminster)
260,Richmond,California,"114,301","116,448",−1.84%,30.1 sq mi,78.0 km2,"3,869/sq mi","1,494/km2",37°57′N 122°22′W﻿ / ﻿37.95°N 122.36°W﻿ / 37.95; -122.36﻿ (Richmond)
261,Carlsbad,California,"114,160","114,746",−0.51%,37.8 sq mi,97.9 km2,"3,036/sq mi","1,172/km2",33°08′N 117°17′W﻿ / ﻿33.13°N 117.28°W﻿ / 33.13; -117.28﻿ (Carlsbad)
262,Las Cruces,New Mexico,"113,888","111,385",+2.25%,76.9 sq mi,199.2 km2,"1,448/sq mi",559/km2,32°20′N 106°47′W﻿ / ﻿32.33°N 106.79°W﻿ / 32.33; -106.79﻿ (Las Cruces)
263,Murrieta,California,"113,783","110,949",+2.55%,33.6 sq mi,87.0 km2,"3,302/sq mi","1,275/km2",33°34′N 117°11′W﻿ / ﻿33.57°N 117.19°W﻿ / 33.57; -117.19﻿ (Murrieta)
264,Lowell,Massachusetts,"113,608","115,554",−1.68%,13.6 sq mi,35.2 km2,"8,497/sq mi","3,281/km2",42°38′N 71°19′W﻿ / ﻿42.64°N 71.32°W﻿ / 42.64; -71.32﻿ (Lowell)
265,Provo,Utah,"113,523","115,162",−1.42%,41.7 sq mi,108.0 km2,"2,762/sq mi","1,066/km2",40°15′N 111°39′W﻿ / ﻿40.25°N 111.65°W﻿ / 40.25; -111.65﻿ (Provo)
266,Springfield,Illinois,"113,273","114,394",−0.98%,61.1 sq mi,158.2 km2,"1,872/sq mi",723/km2,39°47′N 89°38′W﻿ / ﻿39.79°N 89.64°W﻿ / 39.79; -89.64﻿ (Springfield)
267,Elgin,Illinois,"113,177","114,797",−1.41%,38.0 sq mi,98.4 km2,"3,021/sq mi","1,166/km2",42°02′N 88°20′W﻿ / ﻿42.04°N 88.33°W﻿ / 42.04; -88.33﻿ (Elgin)
268,Odessa,Texas,"112,906","114,428",−1.33%,51.1 sq mi,132.3 km2,"2,239/sq mi",864/km2,31°53′N 102°21′W﻿ / ﻿31.88°N 102.35°W﻿ / 31.88; -102.35﻿ (Odessa)
269,Lansing,Michigan,"112,537","112,644",−0.09%,39.1 sq mi,101.3 km2,"2,881/sq mi","1,112/km2",42°43′N 84°34′W﻿ / ﻿42.71°N 84.56°W﻿ / 42.71; -84.56﻿ (Lansing)
270,Pompano Beach,Florida,"112,302","112,046",+0.23%,24.0 sq mi,62.2 km2,"4,669/sq mi","1,803/km2",26°14′N 80°08′W﻿ / ﻿26.24°N 80.13°W﻿ / 26.24; -80.13﻿ (Pompano Beach)
271,Beaumont,Texas,"112,089","115,282",−2.77%,82.5 sq mi,213.7 km2,"1,397/sq mi",539/km2,30°05′N 94°09′W﻿ / ﻿30.08°N 94.15°W﻿ / 30.08; -94.15﻿ (Beaumont)
272,Temecula,California,"111,752","110,003",+1.59%,37.3 sq mi,96.6 km2,"2,949/sq mi","1,139/km2",33°29′N 117°08′W﻿ / ﻿33.49°N 117.13°W﻿ / 33.49; -117.13﻿ (Temecula)
273,Gresham,Oregon,"111,621","114,247",−2.30%,23.5 sq mi,60.9 km2,"4,862/sq mi","1,877/km2",45°30′N 122°26′W﻿ / ﻿45.50°N 122.44°W﻿ / 45.50; -122.44﻿ (Gresham)
274,Allen,Texas,"111,551","104,627",+6.62%,26.4 sq mi,68.4 km2,"3,963/sq mi","1,530/km2",33°07′N 96°40′W﻿ / ﻿33.11°N 96.67°W﻿ / 33.11; -96.67﻿ (Allen)
275,Pueblo,Colorado,"111,456","111,876",−0.38%,55.4 sq mi,143.5 km2,"2,019/sq mi",780/km2,38°16′N 104°37′W﻿ / ﻿38.27°N 104.61°W﻿ / 38.27; -104.61﻿ (Pueblo)
276,Everett,Washington,"111,337","110,629",+0.64%,33.2 sq mi,86.0 km2,"3,332/sq mi","1,286/km2",47°57′N 122°11′W﻿ / ﻿47.95°N 122.19°W﻿ / 47.95; -122.19﻿ (Everett)
277,South Fulton,Georgia,"111,158","107,436",+3.46%,85.2 sq mi,220.7 km2,"1,261/sq mi",487/km2,33°40′N 84°34′W﻿ / ﻿33.66°N 84.57°W﻿ / 33.66; -84.57﻿ (South Fulton)
278,Peoria,Illinois,"111,021","113,150",−1.88%,48.0 sq mi,124.3 km2,"2,357/sq mi",910/km2,40°45′N 89°37′W﻿ / ﻿40.75°N 89.62°W﻿ / 40.75; -89.62﻿ (Peoria)
279,Nampa,Idaho,"110,951","100,200",+10.73%,33.5 sq mi,86.8 km2,"2,991/sq mi","1,155/km2",43°35′N 116°34′W﻿ / ﻿43.58°N 116.56°W﻿ / 43.58; -116.56﻿ (Nampa)
280,Tuscaloosa,Alabama,"110,602","99,600",+11.05%,61.9 sq mi,160.3 km2,"1,609/sq mi",621/km2,33°14′N 87°32′W﻿ / ﻿33.23°N 87.53°W﻿ / 33.23; -87.53﻿ (Tuscaloosa)
281,Miami Gardens,Florida,"110,497","111,640",−1.02%,18.2 sq mi,47.1 km2,"6,134/sq mi","2,368/km2",25°57′N 80°14′W﻿ / ﻿25.95°N 80.24°W﻿ / 25.95; -80.24﻿ (Miami Gardens)
282,Santa Maria,California,"110,125","109,707",+0.38%,22.8 sq mi,59.1 km2,"4,812/sq mi","1,858/km2",34°56′N 120°26′W﻿ / ﻿34.93°N 120.44°W﻿ / 34.93; -120.44﻿ (Santa Maria)
283,Downey,California,"109,934","114,355",−3.87%,12.4 sq mi,32.1 km2,"9,222/sq mi","3,561/km2",33°56′N 118°08′W﻿ / ﻿33.94°N 118.13°W﻿ / 33.94; -118.13﻿ (Downey)
284,Concord,North Carolina,"109,896","105,240",+4.42%,63.5 sq mi,164.5 km2,"1,657/sq mi",640/km2,35°23′N 80°38′W﻿ / ﻿35.39°N 80.64°W﻿ / 35.39; -80.64﻿ (Concord)
285,Ventura[aa],California,"109,527","110,763",−1.12%,21.9 sq mi,56.7 km2,"5,058/sq mi","1,953/km2",34°16′N 119°15′W﻿ / ﻿34.27°N 119.25°W﻿ / 34.27; -119.25﻿ (Ventura)
286,Costa Mesa,California,"109,521","111,918",−2.14%,15.8 sq mi,40.9 km2,"7,083/sq mi","2,735/km2",33°40′N 117°55′W﻿ / ﻿33.67°N 117.91°W﻿ / 33.67; -117.91﻿ (Costa Mesa)
287,Sugar Land,Texas,"109,414","111,026",−1.45%,40.5 sq mi,104.9 km2,"2,741/sq mi","1,058/km2",29°35′N 95°38′W﻿ / ﻿29.59°N 95.63°W﻿ / 29.59; -95.63﻿ (Sugar Land)
288,Menifee,California,"109,399","102,527",+6.70%,46.5 sq mi,120.4 km2,"2,205/sq mi",851/km2,33°41′N 117°11′W﻿ / ﻿33.69°N 117.18°W﻿ / 33.69; -117.18﻿ (Menifee)
289,Tyler,Texas,"109,286","105,995",+3.10%,57.5 sq mi,148.9 km2,"1,843/sq mi",712/km2,32°19′N 95°19′W﻿ / ﻿32.32°N 95.31°W﻿ / 32.32; -95.31﻿ (Tyler)
290,Sparks,Nevada,"109,226","108,445",+0.72%,36.4 sq mi,94.3 km2,"2,979/sq mi","1,150/km2",39°34′N 119°43′W﻿ / ﻿39.57°N 119.72°W﻿ / 39.57; -119.72﻿ (Sparks)
291,Greeley,Colorado,"109,209","108,795",+0.38%,48.9 sq mi,126.7 km2,"2,225/sq mi",859/km2,40°25′N 104°46′W﻿ / ﻿40.41°N 104.77°W﻿ / 40.41; -104.77﻿ (Greeley)
292,Rio Rancho,New Mexico,"108,082","104,046",+3.88%,103.4 sq mi,267.8 km2,"1,006/sq mi",388/km2,35°17′N 106°42′W﻿ / ﻿35.29°N 106.70°W﻿ / 35.29; -106.70﻿ (Rio Rancho)
293,Sandy Springs,Georgia,"107,763","108,080",−0.29%,37.7 sq mi,97.6 km2,"2,867/sq mi","1,107/km2",33°56′N 84°22′W﻿ / ﻿33.93°N 84.37°W﻿ / 33.93; -84.37﻿ (Sandy Springs)
294,Dearborn,Michigan,"107,710","109,976",−2.06%,24.2 sq mi,62.7 km2,"4,544/sq mi","1,754/km2",42°19′N 83°13′W﻿ / ﻿42.31°N 83.21°W﻿ / 42.31; -83.21﻿ (Dearborn)
295,Jurupa Valley,California,"107,609","105,053",+2.43%,42.9 sq mi,111.1 km2,"2,449/sq mi",946/km2,34°00′N 117°28′W﻿ / ﻿34.00°N 117.47°W﻿ / 34.00; -117.47﻿ (Jurupa Valley)
296,Edison,New Jersey,"107,361","107,588",−0.21%,30.1 sq mi,78.0 km2,"3,574/sq mi","1,380/km2",40°30′N 74°21′W﻿ / ﻿40.50°N 74.35°W﻿ / 40.50; -74.35﻿ (Edison)
297,Spokane Valley,Washington,"107,325","102,976",+4.22%,37.7 sq mi,97.6 km2,"2,731/sq mi","1,054/km2",47°40′N 117°14′W﻿ / ﻿47.66°N 117.23°W﻿ / 47.66; -117.23﻿ (Spokane Valley)
298,Hillsboro,Oregon,"107,299","106,447",+0.80%,25.7 sq mi,66.6 km2,"4,142/sq mi","1,599/km2",45°32′N 122°56′W﻿ / ﻿45.53°N 122.94°W﻿ / 45.53; -122.94﻿ (Hillsboro)
299,Davie,Florida,"106,513","105,691",+0.78%,34.9 sq mi,90.4 km2,"3,028/sq mi","1,169/km2",26°05′N 80°17′W﻿ / ﻿26.08°N 80.28°W﻿ / 26.08; -80.28﻿ (Davie)
300,Green Bay,Wisconsin,"106,095","107,395",−1.21%,45.5 sq mi,117.8 km2,"2,360/sq mi",910/km2,44°31′N 87°59′W﻿ / ﻿44.52°N 87.99°W﻿ / 44.52; -87.99﻿ (Green Bay)
301,Centennial,Colorado,"105,865","108,418",−2.35%,29.7 sq mi,76.9 km2,"3,650/sq mi","1,410/km2",39°35′N 104°52′W﻿ / ﻿39.59°N 104.87°W﻿ / 39.59; -104.87﻿ (Centennial)
302,Buckeye,Arizona,"105,567","91,502",+15.37%,393.0 sq mi,"1,017.9 km2",233/sq mi,90/km2,33°26′N 112°38′W﻿ / ﻿33.43°N 112.64°W﻿ / 33.43; -112.64﻿ (Buckeye)
303,Boulder,Colorado,"105,485","108,250",−2.55%,26.3 sq mi,68.1 km2,"4,116/sq mi","1,589/km2",40°01′N 105°15′W﻿ / ﻿40.02°N 105.25°W﻿ / 40.02; -105.25﻿ (Boulder)
304,Goodyear,Arizona,"105,406","95,294",+10.61%,191.3 sq mi,495.5 km2,498/sq mi,192/km2,33°15′N 112°22′W﻿ / ﻿33.25°N 112.37°W﻿ / 33.25; -112.37﻿ (Goodyear)
305,El Monte,California,"105,312","109,450",−3.78%,9.6 sq mi,24.9 km2,"11,401/sq mi","4,402/km2",34°04′N 118°02′W﻿ / ﻿34.07°N 118.03°W﻿ / 34.07; -118.03﻿ (El Monte)
306,West Covina,California,"105,013","109,501",−4.10%,16.0 sq mi,41.4 km2,"6,844/sq mi","2,642/km2",34°04′N 117°55′W﻿ / ﻿34.06°N 117.91°W﻿ / 34.06; -117.91﻿ (West Covina)
307,Brockton,Massachusetts,"104,826","105,643",−0.77%,21.3 sq mi,55.2 km2,"4,960/sq mi","1,920/km2",42°05′N 71°01′W﻿ / ﻿42.08°N 71.02°W﻿ / 42.08; -71.02﻿ (Brockton)
308,New Braunfels,Texas,"104,707","90,403",+15.82%,45.2 sq mi,117.1 km2,"2,000/sq mi",770/km2,29°42′N 98°07′W﻿ / ﻿29.70°N 98.12°W﻿ / 29.70; -98.12﻿ (New Braunfels)
309,El Cajon,California,"104,414","106,215",−1.70%,14.5 sq mi,37.6 km2,"7,325/sq mi","2,828/km2",32°48′N 116°58′W﻿ / ﻿32.80°N 116.96°W﻿ / 32.80; -116.96﻿ (El Cajon)
310,Edinburg,Texas,"104,294","100,243",+4.04%,44.7 sq mi,115.8 km2,"2,243/sq mi",866/km2,26°19′N 98°10′W﻿ / ﻿26.32°N 98.16°W﻿ / 26.32; -98.16﻿ (Edinburg)
311,Renton,Washington,"104,047","106,785",−2.56%,23.5 sq mi,60.9 km2,"4,544/sq mi","1,754/km2",47°29′N 122°11′W﻿ / ﻿47.48°N 122.19°W﻿ / 47.48; -122.19﻿ (Renton)
312,Burbank,California,"103,920","107,337",−3.18%,17.3 sq mi,44.8 km2,"6,204/sq mi","2,395/km2",34°11′N 118°20′W﻿ / ﻿34.19°N 118.33°W﻿ / 34.19; -118.33﻿ (Burbank)
313,Inglewood,California,"103,621","107,762",−3.84%,9.1 sq mi,23.6 km2,"11,842/sq mi","4,572/km2",33°58′N 118°20′W﻿ / ﻿33.96°N 118.34°W﻿ / 33.96; -118.34﻿ (Inglewood)
314,Rialto,California,"103,545","104,026",−0.46%,24.1 sq mi,62.4 km2,"4,316/sq mi","1,666/km2",34°07′N 117°23′W﻿ / ﻿34.12°N 117.39°W﻿ / 34.12; -117.39﻿ (Rialto)
315,Lee's Summit,Missouri,"103,465","101,108",+2.33%,63.9 sq mi,165.5 km2,"1,582/sq mi",611/km2,38°55′N 94°23′W﻿ / ﻿38.92°N 94.38°W﻿ / 38.92; -94.38﻿ (Lee's Summit)
316,Bend,Oregon,"103,254","99,178",+4.11%,33.6 sq mi,87.0 km2,"2,952/sq mi","1,140/km2",44°04′N 121°19′W﻿ / ﻿44.06°N 121.31°W﻿ / 44.06; -121.31﻿ (Bend)
317,Woodbridge,New Jersey,"103,229","103,639",−0.40%,23.3 sq mi,60.3 km2,"4,448/sq mi","1,717/km2",40°34′N 74°17′W﻿ / ﻿40.56°N 74.29°W﻿ / 40.56; -74.29﻿ (Woodbridge)
318,South Bend,Indiana,"103,110","103,453",−0.33%,42.0 sq mi,108.8 km2,"2,463/sq mi",951/km2,41°41′N 86°16′W﻿ / ﻿41.68°N 86.27°W﻿ / 41.68; -86.27﻿ (South Bend)
319,Wichita Falls,Texas,"102,664","102,316",+0.34%,72.0 sq mi,186.5 km2,"1,421/sq mi",549/km2,33°55′N 98°32′W﻿ / ﻿33.91°N 98.53°W﻿ / 33.91; -98.53﻿ (Wichita Falls)
320,St. George,Utah,"102,519","95,342",+7.53%,78.5 sq mi,203.3 km2,"1,215/sq mi",469/km2,37°05′N 113°34′W﻿ / ﻿37.08°N 113.56°W﻿ / 37.08; -113.56﻿ (St. George)
321,Fishers,Indiana,"101,966","98,977",+3.02%,35.6 sq mi,92.2 km2,"2,780/sq mi","1,070/km2",39°58′N 85°58′W﻿ / ﻿39.96°N 85.97°W﻿ / 39.96; -85.97﻿ (Fishers)
322,Carmel,Indiana,"101,964","99,757",+2.21%,49.1 sq mi,127.2 km2,"2,032/sq mi",785/km2,39°58′N 86°09′W﻿ / ﻿39.97°N 86.15°W﻿ / 39.97; -86.15﻿ (Carmel)
323,Vacaville,California,"101,918","102,386",−0.46%,29.9 sq mi,77.4 km2,"3,424/sq mi","1,322/km2",38°22′N 121°58′W﻿ / ﻿38.36°N 121.97°W﻿ / 38.36; -121.97﻿ (Vacaville)
324,Quincy,Massachusetts,"101,727","101,636",+0.09%,16.6 sq mi,43.0 km2,"6,123/sq mi","2,364/km2",42°16′N 71°01′W﻿ / ﻿42.26°N 71.01°W﻿ / 42.26; -71.01﻿ (Quincy)
325,Conroe,Texas,"101,405","89,956",+12.73%,72.0 sq mi,186.5 km2,"1,249/sq mi",482/km2,30°19′N 95°29′W﻿ / ﻿30.32°N 95.49°W﻿ / 30.32; -95.49﻿ (Conroe)
326,Chico,California,"101,299","101,475",−0.17%,34.1 sq mi,88.3 km2,"2,976/sq mi","1,149/km2",39°46′N 121°49′W﻿ / ﻿39.76°N 121.82°W﻿ / 39.76; -121.82﻿ (Chico)
327,San Mateo,California,"100,984","105,661",−4.43%,12.1 sq mi,31.3 km2,"8,732/sq mi","3,371/km2",37°34′N 122°19′W﻿ / ﻿37.56°N 122.31°W﻿ / 37.56; -122.31﻿ (San Mateo)
328,Lynn,Massachusetts,"100,891","101,253",−0.36%,10.7 sq mi,27.7 km2,"9,463/sq mi","3,654/km2",42°28′N 70°58′W﻿ / ﻿42.47°N 70.96°W﻿ / 42.47; -70.96﻿ (Lynn)
329,Albany,New York,"100,826","99,224",+1.61%,21.4 sq mi,55.4 km2,"4,637/sq mi","1,790/km2",42°40′N 73°48′W﻿ / ﻿42.67°N 73.80°W﻿ / 42.67; -73.80﻿ (Albany)
330,Hesperia,California,"100,744","99,818",+0.93%,72.7 sq mi,188.3 km2,"1,373/sq mi",530/km2,34°24′N 117°19′W﻿ / ﻿34.40°N 117.32°W﻿ / 34.40; -117.32﻿ (Hesperia)
331,New Bedford,Massachusetts,"100,682","101,079",−0.39%,20.0 sq mi,51.8 km2,"5,054/sq mi","1,951/km2",41°40′N 70°56′W﻿ / ﻿41.66°N 70.94°W﻿ / 41.66; -70.94﻿ (New Bedford)
332,Davenport,Iowa,"100,486","101,724",−1.22%,63.8 sq mi,165.2 km2,"1,594/sq mi",615/km2,41°34′N 90°36′W﻿ / ﻿41.56°N 90.60°W﻿ / 41.56; -90.60﻿ (Davenport)
333,Daly City,California,"100,007","104,901",−4.67%,7.6 sq mi,19.7 km2,"13,803/sq mi","5,329/km2",37°41′N 122°28′W﻿ / ﻿37.69°N 122.47°W﻿ / 37.69; -122.47﻿ (Daly City)
