2022 Rank,City,State,2022 estimate,2020 census,Change,2020 land area (sq mi),2020 land area (sq km),2020 population density (sq mi),2020 population density (sq km),Latitude,Longitude
1,New York,New York,8335897,8804190,−5.32%,300.5 sq mi,778.3 km2,"29,298/sq mi","11,312/km2",﻿40.66°N,73.94°W﻿
2,Los Angeles,California,3822238,3898747,−1.96%,469.5 sq mi,"1,216.0 km2","8,304/sq mi","3,206/km2",﻿34.02°N,118.41°W﻿
3,Chicago,Illinois,2665039,2746388,−2.96%,227.7 sq mi,589.7 km2,"12,061/sq mi","4,657/km2",﻿41.84°N,87.68°W﻿
4,Houston,Texas,2302878,2304580,−0.07%,640.4 sq mi,"1,658.6 km2","3,599/sq mi","1,390/km2",﻿29.79°N,95.39°W﻿
5,Phoenix,Arizona,1644409,1608139,+2.26%,518.0 sq mi,"1,341.6 km2","3,105/sq mi","1,199/km2",﻿33.57°N,112.09°W﻿
6,Philadelphia,Pennsylvania,1567258,1603797,−2.28%,134.4 sq mi,348.1 km2,"11,933/sq mi","4,607/km2",﻿40.01°N,75.13°W﻿
7,San Antonio,Texas,1472909,1434625,+2.67%,498.8 sq mi,"1,291.9 km2","2,876/sq mi","1,110/km2",﻿29.46°N,98.52°W﻿
8,San Diego,California,1381162,1386932,−0.42%,325.9 sq mi,844.1 km2,"4,256/sq mi","1,643/km2",﻿32.81°N,117.14°W﻿
9,Dallas,Texas,1299544,1304379,−0.37%,339.6 sq mi,879.6 km2,"3,841/sq mi","1,483/km2",﻿32.79°N,96.77°W﻿
10,Austin,Texas,974447,961855,+1.31%,319.9 sq mi,828.5 km2,"3,007/sq mi","1,161/km2",﻿30.30°N,97.75°W﻿
11,Jacksonville,Florida,971319,949611,+2.29%,747.3 sq mi,"1,935.5 km2","1,271/sq mi",491/km2,﻿30.34°N,81.66°W﻿
12,San Jose,California,971233,1013240,−4.15%,178.3 sq mi,461.8 km2,"5,683/sq mi","2,194/km2",﻿37.30°N,121.81°W﻿
13,Fort Worth,Texas,956709,918915,+4.11%,347.3 sq mi,899.5 km2,"2,646/sq mi","1,022/km2",﻿32.78°N,97.35°W﻿
14,Columbus,Ohio,907971,905748,+0.25%,220.0 sq mi,569.8 km2,"4,117/sq mi","1,590/km2",﻿39.99°N,82.99°W﻿
15,Charlotte,North Carolina,897720,874579,+2.65%,308.3 sq mi,798.5 km2,"2,837/sq mi","1,095/km2",﻿35.21°N,80.83°W﻿
16,Indianapolis,Indiana,880621,887642,−0.79%,361.6 sq mi,936.5 km2,"2,455/sq mi",948/km2,﻿39.78°N,86.15°W﻿
17,San Francisco,California,808437,873965,−7.50%,46.9 sq mi,121.5 km2,"18,635/sq mi","7,195/km2",﻿37.73°N,123.03°W﻿
18,Seattle,Washington,749256,737015,+1.66%,83.8 sq mi,217.0 km2,"8,795/sq mi","3,396/km2",﻿47.62°N,122.35°W﻿
19,Denver,Colorado,713252,715522,−0.32%,153.1 sq mi,396.5 km2,"4,674/sq mi","1,805/km2",﻿39.76°N,104.88°W﻿
20,Oklahoma City,Oklahoma,694800,681054,+2.02%,606.2 sq mi,"1,570.1 km2","1,123/sq mi",434/km2,﻿35.47°N,97.51°W﻿
21,Nashville,Tennessee,683622,689447,−0.84%,475.8 sq mi,"1,232.3 km2","1,449/sq mi",559/km2,﻿36.17°N,86.79°W﻿
22,El Paso,Texas,677456,678815,−0.20%,258.4 sq mi,669.3 km2,"2,627/sq mi","1,014/km2",﻿31.85°N,106.43°W﻿
23,Washington,District of Columbia,671803,689545,−2.57%,61.1 sq mi,158.2 km2,"11,286/sq mi","4,358/km2",﻿38.90°N,77.02°W﻿
24,Las Vegas,Nevada,656274,641903,+2.24%,141.8 sq mi,367.3 km2,"4,527/sq mi","1,748/km2",﻿36.23°N,115.26°W﻿
25,Boston,Massachusetts,650706,675647,−3.69%,48.3 sq mi,125.1 km2,"13,989/sq mi","5,401/km2",﻿42.34°N,71.02°W﻿
26,Portland,Oregon,635067,652503,−2.67%,133.5 sq mi,345.8 km2,"4,888/sq mi","1,887/km2",﻿45.54°N,122.65°W﻿
27,Louisville,Kentucky,624444,633045,−1.36%,324.9 sq mi,841.5 km2,"1,948/sq mi",752/km2,﻿38.17°N,85.65°W﻿
28,Memphis,Tennessee,621056,633104,−1.90%,297.0 sq mi,769.2 km2,"2,132/sq mi",823/km2,﻿35.11°N,89.97°W﻿
29,Detroit,Michigan,620376,639111,−2.93%,138.7 sq mi,359.2 km2,"4,608/sq mi","1,779/km2",﻿42.38°N,83.10°W﻿
30,Baltimore,Maryland,569931,585708,−2.69%,80.9 sq mi,209.5 km2,"7,240/sq mi","2,800/km2",﻿39.30°N,76.61°W﻿
31,Milwaukee,Wisconsin,563305,577222,−2.41%,96.2 sq mi,249.2 km2,"6,000/sq mi","2,300/km2",﻿43.06°N,87.97°W﻿
32,Albuquerque,New Mexico,561008,564559,−0.63%,187.3 sq mi,485.1 km2,"3,014/sq mi","1,164/km2",﻿35.10°N,106.65°W﻿
33,Tucson,Arizona,546574,542629,+0.73%,241.0 sq mi,624.2 km2,"2,252/sq mi",870/km2,﻿32.15°N,110.87°W﻿
34,Fresno,California,545567,542107,+0.64%,115.2 sq mi,298.4 km2,"4,706/sq mi","1,817/km2",﻿36.78°N,119.79°W﻿
35,Sacramento,California,528001,524943,+0.58%,98.6 sq mi,255.4 km2,"5,324/sq mi","2,056/km2",﻿38.57°N,121.47°W﻿
36,Mesa,Arizona,512498,504258,+1.63%,138.7 sq mi,359.2 km2,"3,636/sq mi","1,404/km2",﻿33.40°N,111.72°W﻿
37,Kansas City,Missouri,509297,508090,+0.24%,314.7 sq mi,815.1 km2,"1,615/sq mi",624/km2,﻿39.12°N,94.56°W﻿
38,Atlanta,Georgia,499127,498715,+0.08%,135.3 sq mi,350.4 km2,"3,686/sq mi","1,423/km2",﻿33.76°N,84.42°W﻿
39,Colorado Springs,Colorado,486248,478961,+1.52%,195.4 sq mi,506.1 km2,"2,451/sq mi",946/km2,﻿38.87°N,104.76°W﻿
40,Omaha,Nebraska,485153,486051,−0.18%,141.6 sq mi,366.7 km2,"3,433/sq mi","1,325/km2",﻿41.26°N,96.05°W﻿
41,Raleigh,North Carolina,476587,467665,+1.91%,147.1 sq mi,381.0 km2,"3,179/sq mi","1,227/km2",﻿35.83°N,78.64°W﻿
42,Virginia Beach,Virginia,455618,459470,−0.84%,244.7 sq mi,633.8 km2,"1,878/sq mi",725/km2,﻿36.78°N,76.03°W﻿
43,Long Beach,California,451307,466742,−3.31%,50.7 sq mi,131.3 km2,"9,206/sq mi","3,554/km2",﻿33.78°N,118.17°W﻿
44,Miami,Florida,449514,442241,+1.64%,36.0 sq mi,93.2 km2,"12,284/sq mi","4,743/km2",﻿25.78°N,80.21°W﻿
45,Oakland,California,430553,440646,−2.29%,55.9 sq mi,144.8 km2,"7,883/sq mi","3,044/km2",﻿37.77°N,122.23°W﻿
46,Minneapolis,Minnesota,425096,429954,−1.13%,54.0 sq mi,139.9 km2,"7,962/sq mi","3,074/km2",﻿44.96°N,93.27°W﻿
47,Tulsa,Oklahoma,411867,413066,−0.29%,197.5 sq mi,511.5 km2,"2,091/sq mi",807/km2,﻿36.13°N,95.90°W﻿
48,Bakersfield,California,410647,403455,+1.78%,149.8 sq mi,388.0 km2,"2,693/sq mi","1,040/km2",﻿35.35°N,119.04°W﻿
49,Tampa,Florida,398173,384959,+3.43%,114.0 sq mi,295.3 km2,"3,377/sq mi","1,304/km2",﻿27.97°N,82.47°W﻿
50,Wichita,Kansas,396192,397532,−0.34%,162.0 sq mi,419.6 km2,"2,454/sq mi",947/km2,﻿37.69°N,97.35°W﻿
51,Arlington,Texas,394602,394266,+0.09%,95.9 sq mi,248.4 km2,"4,111/sq mi","1,587/km2",﻿32.70°N,97.12°W﻿
52,Aurora,Colorado,393537,386261,+1.88%,160.1 sq mi,414.7 km2,"2,413/sq mi",932/km2,﻿39.70°N,104.72°W﻿
53,New Orleans,Louisiana,369749,383997,−3.71%,169.5 sq mi,439.0 km2,"2,265/sq mi",875/km2,﻿30.05°N,89.93°W﻿
54,Cleveland,Ohio,361607,372624,−2.96%,77.7 sq mi,201.2 km2,"4,796/sq mi","1,852/km2",﻿41.48°N,81.68°W﻿
55,Anaheim,California,344461,346824,−0.68%,50.3 sq mi,130.3 km2,"6,895/sq mi","2,662/km2",﻿33.86°N,117.76°W﻿
56,Honolulu,Hawaii,343421,350964,−2.15%,60.5 sq mi,156.7 km2,"5,801/sq mi","2,240/km2",﻿21.32°N,157.85°W﻿
57,Henderson,Nevada,331415,317610,+4.35%,106.2 sq mi,275.1 km2,"2,991/sq mi","1,155/km2",﻿36.01°N,115.04°W﻿
58,Stockton,California,321819,320804,+0.32%,62.2 sq mi,161.1 km2,"5,158/sq mi","1,992/km2",﻿37.98°N,121.31°W﻿
59,Riverside,California,320764,314998,+1.83%,81.2 sq mi,210.3 km2,"3,879/sq mi","1,498/km2",﻿33.94°N,117.39°W﻿
60,Lexington,Kentucky,320347,322570,−0.69%,283.6 sq mi,734.5 km2,"1,137/sq mi",439/km2,﻿38.04°N,84.46°W﻿
61,Corpus Christi,Texas,316239,317863,−0.51%,162.2 sq mi,420.1 km2,"1,960/sq mi",760/km2,﻿27.75°N,97.17°W﻿
62,Orlando,Florida,316081,307573,+2.77%,110.6 sq mi,286.5 km2,"2,781/sq mi","1,074/km2",﻿28.41°N,81.25°W﻿
63,Irvine,California,313685,307670,+1.96%,65.6 sq mi,169.9 km2,"4,690/sq mi","1,810/km2",﻿33.68°N,117.77°W﻿
64,Cincinnati,Ohio,309513,309317,+0.06%,77.8 sq mi,201.5 km2,"3,976/sq mi","1,535/km2",﻿39.14°N,84.51°W﻿
65,Santa Ana,California,308189,310227,−0.66%,27.3 sq mi,70.7 km2,"11,364/sq mi","4,388/km2",﻿33.74°N,117.88°W﻿
66,Newark,New Jersey,305344,311549,−1.99%,24.1 sq mi,62.4 km2,"12,927/sq mi","4,991/km2",﻿40.72°N,74.17°W﻿
67,Saint Paul,Minnesota,303176,311527,−2.68%,52.0 sq mi,134.7 km2,"5,991/sq mi","2,313/km2",﻿44.95°N,93.10°W﻿
68,Pittsburgh,Pennsylvania,302898,302971,−0.02%,55.4 sq mi,143.5 km2,"5,469/sq mi","2,112/km2",﻿40.44°N,79.98°W﻿
69,Greensboro,North Carolina,301115,299035,+0.70%,129.6 sq mi,335.7 km2,"2,307/sq mi",891/km2,﻿36.10°N,79.83°W﻿
70,Lincoln,Nebraska,292627,291082,+0.53%,97.7 sq mi,253.0 km2,"2,979/sq mi","1,150/km2",﻿40.81°N,96.68°W﻿
71,Durham,North Carolina,291928,283506,+2.97%,112.8 sq mi,292.2 km2,"2,513/sq mi",970/km2,﻿35.98°N,78.90°W﻿
72,Plano,Texas,289547,285494,+1.42%,71.7 sq mi,185.7 km2,"3,982/sq mi","1,537/km2",﻿33.05°N,96.75°W﻿
73,Anchorage,Alaska,287145,291247,−1.41%,"1,706.8 sq mi","4,420.6 km2",171/sq mi,66/km2,﻿61.17°N,149.28°W﻿
74,Jersey City,New Jersey,286670,292449,−1.98%,14.7 sq mi,38.1 km2,"19,894/sq mi","7,681/km2",﻿40.71°N,74.06°W﻿
75,St. Louis,Missouri,286578,301578,−4.97%,61.7 sq mi,159.8 km2,"4,888/sq mi","1,887/km2",﻿38.64°N,90.24°W﻿
76,Chandler,Arizona,280711,275987,+1.71%,65.3 sq mi,169.1 km2,"4,226/sq mi","1,632/km2",﻿33.28°N,111.85°W﻿
77,North Las Vegas,Nevada,280543,262527,+6.86%,101.3 sq mi,262.4 km2,"2,592/sq mi","1,001/km2",﻿36.28°N,115.09°W﻿
78,Chula Vista,California,279170,275487,+1.34%,49.6 sq mi,128.5 km2,"5,554/sq mi","2,144/km2",﻿32.63°N,117.02°W﻿
79,Buffalo,New York,276486,278349,−0.67%,40.4 sq mi,104.6 km2,"6,890/sq mi","2,660/km2",﻿42.89°N,78.86°W﻿
80,Gilbert,Arizona,275346,267918,+2.77%,68.6 sq mi,177.7 km2,"3,906/sq mi","1,508/km2",﻿33.31°N,111.74°W﻿
81,Reno,Nevada,273448,264165,+3.51%,108.8 sq mi,281.8 km2,"2,428/sq mi",937/km2,﻿39.55°N,119.85°W﻿
82,Madison,Wisconsin,272903,269840,+1.14%,79.6 sq mi,206.2 km2,"3,390/sq mi","1,310/km2",﻿43.09°N,89.43°W﻿
83,Fort Wayne,Indiana,267927,263886,+1.53%,110.7 sq mi,286.7 km2,"2,384/sq mi",920/km2,﻿41.09°N,85.14°W﻿
84,Toledo,Ohio,266301,270871,−1.69%,80.5 sq mi,208.5 km2,"3,365/sq mi","1,299/km2",﻿41.66°N,83.58°W﻿
85,Lubbock,Texas,263930,257141,+2.64%,134.6 sq mi,348.6 km2,"1,910/sq mi",740/km2,﻿33.57°N,101.89°W﻿
86,St. Petersburg,Florida,261256,258308,+1.14%,61.8 sq mi,160.1 km2,"4,180/sq mi","1,610/km2",﻿27.77°N,82.64°W﻿
87,Laredo,Texas,256187,255205,+0.38%,106.5 sq mi,275.8 km2,"2,396/sq mi",925/km2,﻿27.56°N,99.49°W﻿
88,Irving,Texas,254715,256684,−0.77%,67.0 sq mi,173.5 km2,"3,831/sq mi","1,479/km2",﻿32.86°N,96.97°W﻿
89,Chesapeake,Virginia,252488,249422,+1.23%,338.5 sq mi,876.7 km2,737/sq mi,285/km2,﻿36.68°N,76.30°W﻿
90,Glendale,Arizona,252136,248325,+1.53%,61.6 sq mi,159.5 km2,"4,031/sq mi","1,556/km2",﻿33.53°N,112.19°W﻿
91,Winston-Salem,North Carolina,251350,249545,+0.72%,132.7 sq mi,343.7 km2,"1,881/sq mi",726/km2,﻿36.10°N,80.26°W﻿
92,Scottsdale,Arizona,243050,241361,+0.70%,184.0 sq mi,476.6 km2,"1,312/sq mi",507/km2,﻿33.68°N,111.86°W﻿
93,Garland,Texas,240854,246018,−2.10%,57.1 sq mi,147.9 km2,"4,309/sq mi","1,664/km2",﻿32.91°N,96.63°W﻿
94,Boise,Idaho,236634,235684,+0.40%,84.0 sq mi,217.6 km2,"2,806/sq mi","1,083/km2",﻿43.60°N,116.23°W﻿
95,Norfolk,Virginia,232995,238005,−2.10%,53.3 sq mi,138.0 km2,"4,465/sq mi","1,724/km2",﻿36.92°N,76.24°W﻿
96,Port St. Lucie,Florida,231790,204851,+13.15%,119.2 sq mi,308.7 km2,"1,719/sq mi",664/km2,﻿27.28°N,80.39°W﻿
97,Spokane,Washington,230160,228989,+0.51%,68.8 sq mi,178.2 km2,"3,328/sq mi","1,285/km2",﻿47.67°N,117.43°W﻿
98,Richmond,Virginia,229395,226610,+1.23%,59.9 sq mi,155.1 km2,"3,783/sq mi","1,461/km2",﻿37.53°N,77.48°W﻿
99,Fremont,California,223871,230504,−2.88%,78.3 sq mi,202.8 km2,"2,944/sq mi","1,137/km2",﻿37.49°N,121.94°W﻿
100,Huntsville,Alabama,221933,215006,+3.22%,218.1 sq mi,564.9 km2,986/sq mi,381/km2,﻿34.78°N,86.53°W﻿
101,Tacoma,Washington,221776,219346,+1.11%,49.7 sq mi,128.7 km2,"4,413/sq mi","1,704/km2",﻿47.25°N,122.46°W﻿
102,Baton Rouge,Louisiana,221453,227470,−2.65%,86.3 sq mi,223.5 km2,"2,636/sq mi","1,018/km2",﻿30.44°N,91.13°W﻿
103,Santa Clarita,California,221345,228673,−3.20%,70.8 sq mi,183.4 km2,"3,230/sq mi","1,250/km2",﻿34.41°N,118.49°W﻿
104,San Bernardino,California,220328,222101,−0.80%,62.1 sq mi,160.8 km2,"3,577/sq mi","1,381/km2",﻿34.14°N,117.29°W﻿
105,Hialeah,Florida,220292,223109,−1.26%,21.6 sq mi,55.9 km2,"10,329/sq mi","3,988/km2",﻿25.87°N,80.30°W﻿
106,Frisco,Texas,219587,200509,+9.51%,68.6 sq mi,177.7 km2,"2,923/sq mi","1,129/km2",﻿33.16°N,96.82°W﻿
107,Modesto,California,218069,218464,−0.18%,43.0 sq mi,111.4 km2,"5,081/sq mi","1,962/km2",﻿37.64°N,121.00°W﻿
108,Cape Coral,Florida,216992,194016,+11.84%,106.0 sq mi,274.5 km2,"1,830/sq mi",710/km2,﻿26.65°N,81.99°W﻿
109,Fontana,California,212475,208393,+1.96%,43.1 sq mi,111.6 km2,"4,835/sq mi","1,867/km2",﻿34.11°N,117.46°W﻿
110,Moreno Valley,California,211924,208634,+1.58%,51.3 sq mi,132.9 km2,"4,067/sq mi","1,570/km2",﻿33.92°N,117.21°W﻿
111,Des Moines,Iowa,211034,214133,−1.45%,88.2 sq mi,228.4 km2,"2,428/sq mi",937/km2,﻿41.57°N,93.61°W﻿
112,Rochester,New York,209352,211328,−0.94%,35.8 sq mi,92.7 km2,"5,903/sq mi","2,279/km2",﻿43.17°N,77.62°W﻿
113,Fayetteville,North Carolina,208873,208501,+0.18%,148.3 sq mi,384.1 km2,"1,406/sq mi",543/km2,﻿35.08°N,78.97°W﻿
114,Yonkers,New York,208121,211569,−1.63%,18.0 sq mi,46.6 km2,"11,754/sq mi","4,538/km2",﻿40.95°N,73.87°W﻿
115,McKinney,Texas,207507,195308,+6.25%,67.0 sq mi,173.5 km2,"2,915/sq mi","1,125/km2",﻿33.20°N,96.66°W﻿
116,Worcester,Massachusetts,205319,206518,−0.58%,37.4 sq mi,96.9 km2,"5,522/sq mi","2,132/km2",﻿42.27°N,71.81°W﻿
117,Salt Lake City,Utah,204657,199723,+2.47%,110.3 sq mi,285.7 km2,"1,811/sq mi",699/km2,﻿40.78°N,111.93°W﻿
118,Little Rock,Arkansas,202864,202591,+0.13%,120.0 sq mi,310.8 km2,"1,688/sq mi",652/km2,﻿34.72°N,92.36°W﻿
119,Columbus,Georgia,202616,206922,−2.08%,216.5 sq mi,560.7 km2,956/sq mi,369/km2,﻿32.51°N,84.87°W﻿
120,Augusta,Georgia,202096,202081,+0.01%,302.3 sq mi,783.0 km2,668/sq mi,258/km2,﻿33.37°N,82.07°W﻿
121,Sioux Falls,South Dakota,202078,192517,+4.97%,79.1 sq mi,204.9 km2,"2,434/sq mi",940/km2,﻿43.54°N,96.73°W﻿
122,Grand Prairie,Texas,201843,196100,+2.93%,72.6 sq mi,188.0 km2,"2,701/sq mi","1,043/km2",﻿32.69°N,97.02°W﻿
123,Tallahassee,Florida,201731,196169,+2.84%,100.9 sq mi,261.3 km2,"1,944/sq mi",751/km2,﻿30.46°N,84.25°W﻿
124,Amarillo,Texas,201291,200393,+0.45%,102.3 sq mi,265.0 km2,"1,959/sq mi",756/km2,﻿35.20°N,101.83°W﻿
125,Oxnard,California,200415,202063,−0.82%,26.5 sq mi,68.6 km2,"7,625/sq mi","2,944/km2",﻿34.20°N,119.21°W﻿
126,Peoria,Arizona,197866,190985,+3.60%,176.1 sq mi,456.1 km2,"1,085/sq mi",419/km2,﻿33.79°N,112.31°W﻿
127,Overland Park,Kansas,197726,197238,+0.25%,75.2 sq mi,194.8 km2,"2,623/sq mi","1,013/km2",﻿38.89°N,94.69°W﻿
128,Montgomery,Alabama,196986,200603,−1.80%,159.9 sq mi,414.1 km2,"1,255/sq mi",485/km2,﻿32.35°N,86.27°W﻿
129,Birmingham,Alabama,196910,200733,−1.90%,147.0 sq mi,380.7 km2,"1,366/sq mi",527/km2,﻿33.53°N,86.80°W﻿
130,Grand Rapids,Michigan,196908,198917,−1.01%,44.8 sq mi,116.0 km2,"4,440/sq mi","1,710/km2",﻿42.96°N,85.66°W﻿
131,Knoxville,Tennessee,195889,190740,+2.70%,98.7 sq mi,255.6 km2,"1,933/sq mi",746/km2,﻿35.97°N,83.95°W﻿
132,Vancouver,Washington,194512,190915,+1.88%,48.7 sq mi,126.1 km2,"3,920/sq mi","1,510/km2",﻿45.64°N,122.60°W﻿
133,Huntington Beach,California,194310,198711,−2.21%,27.0 sq mi,69.9 km2,"7,360/sq mi","2,840/km2",﻿33.70°N,118.00°W﻿
134,Providence,Rhode Island,189563,190934,−0.72%,18.4 sq mi,47.7 km2,"10,377/sq mi","4,007/km2",﻿41.82°N,71.42°W﻿
135,Brownsville,Texas,189382,186738,+1.42%,131.5 sq mi,340.6 km2,"1,420/sq mi",550/km2,﻿26.00°N,97.45°W﻿
136,Glendale,California,189221,196543,−3.73%,30.5 sq mi,79.0 km2,"6,444/sq mi","2,488/km2",﻿34.18°N,118.25°W﻿
137,Akron,Ohio,188509,190469,−1.03%,61.9 sq mi,160.3 km2,"3,077/sq mi","1,188/km2",﻿41.08°N,81.52°W﻿
138,Tempe,Arizona,185950,180587,+2.97%,39.9 sq mi,103.3 km2,"4,526/sq mi","1,747/km2",﻿33.39°N,111.93°W﻿
139,Newport News,Virginia,184306,186247,−1.04%,69.0 sq mi,178.7 km2,"2,699/sq mi","1,042/km2",﻿37.08°N,76.52°W﻿
140,Chattanooga,Tennessee,184086,181099,+1.65%,142.4 sq mi,368.8 km2,"1,272/sq mi",491/km2,﻿35.07°N,85.25°W﻿
141,Mobile,Alabama,183289,187041,−2.01%,139.5 sq mi,361.3 km2,"1,341/sq mi",518/km2,﻿30.67°N,88.10°W﻿
142,Fort Lauderdale,Florida,183146,182760,+0.21%,34.6 sq mi,89.6 km2,"5,282/sq mi","2,039/km2",﻿26.14°N,80.15°W﻿
143,Cary,North Carolina,180388,174721,+3.24%,59.2 sq mi,153.3 km2,"2,951/sq mi","1,139/km2",﻿35.78°N,78.82°W﻿
144,Shreveport,Louisiana,180153,187593,−3.97%,107.8 sq mi,279.2 km2,"1,740/sq mi",670/km2,﻿32.47°N,93.79°W﻿
145,Ontario,California,179061,175265,+2.17%,50.0 sq mi,129.5 km2,"3,505/sq mi","1,353/km2",﻿34.04°N,117.60°W﻿
146,Eugene,Oregon,177923,176654,+0.72%,44.2 sq mi,114.5 km2,"3,997/sq mi","1,543/km2",﻿44.06°N,123.12°W﻿
147,Aurora,Illinois,177866,180542,−1.48%,45.0 sq mi,116.5 km2,"4,012/sq mi","1,549/km2",﻿41.76°N,88.29°W﻿
148,Elk Grove,California,177558,176124,+0.81%,42.0 sq mi,108.8 km2,"4,193/sq mi","1,619/km2",﻿38.41°N,121.38°W﻿
149,Salem,Oregon,177487,175535,+1.11%,48.8 sq mi,126.4 km2,"3,597/sq mi","1,389/km2",﻿44.92°N,123.02°W﻿
150,Santa Rosa,California,177181,178127,−0.53%,42.5 sq mi,110.1 km2,"4,191/sq mi","1,618/km2",﻿38.45°N,122.71°W﻿
151,Clarksville,Tennessee,176974,166722,+6.15%,99.4 sq mi,257.4 km2,"1,677/sq mi",647/km2,﻿36.57°N,87.35°W﻿
152,Rancho Cucamonga,California,176336,174453,+1.08%,40.1 sq mi,103.9 km2,"4,350/sq mi","1,680/km2",﻿34.12°N,117.56°W﻿
153,Oceanside,California,172199,174068,−1.07%,41.3 sq mi,107.0 km2,"4,215/sq mi","1,627/km2",﻿33.22°N,117.31°W﻿
154,Springfield,Missouri,170067,169176,+0.53%,82.4 sq mi,213.4 km2,"2,053/sq mi",793/km2,﻿37.19°N,93.29°W﻿
155,Pembroke Pines,Florida,169876,171178,−0.76%,32.7 sq mi,84.7 km2,"5,235/sq mi","2,021/km2",﻿26.01°N,80.34°W﻿
156,Garden Grove,California,169254,171949,−1.57%,18.0 sq mi,46.6 km2,"9,553/sq mi","3,688/km2",﻿33.78°N,117.96°W﻿
157,Fort Collins,Colorado,169249,169810,−0.33%,57.2 sq mi,148.1 km2,"2,969/sq mi","1,146/km2",﻿40.55°N,105.06°W﻿
158,Lancaster,California,169185,173516,−2.50%,94.3 sq mi,244.2 km2,"1,840/sq mi",710/km2,﻿34.69°N,118.18°W﻿
159,Palmdale,California,163463,169450,−3.53%,106.1 sq mi,274.8 km2,"1,597/sq mi",617/km2,﻿34.59°N,118.11°W﻿
160,Murfreesboro,Tennessee,162398,152769,+6.30%,62.9 sq mi,162.9 km2,"2,429/sq mi",938/km2,﻿35.85°N,86.42°W﻿
161,Salinas,California,161020,163542,−1.54%,23.5 sq mi,60.9 km2,"6,959/sq mi","2,687/km2",﻿36.69°N,121.63°W﻿
162,Corona,California,159567,157136,+1.55%,39.9 sq mi,103.3 km2,"3,938/sq mi","1,520/km2",﻿33.86°N,117.57°W﻿
163,Killeen,Texas,159172,153095,+3.97%,54.8 sq mi,141.9 km2,"2,794/sq mi","1,079/km2",﻿31.08°N,97.73°W﻿
164,Hayward,California,156754,162954,−3.80%,45.8 sq mi,118.6 km2,"3,558/sq mi","1,374/km2",﻿37.63°N,122.10°W﻿
165,Paterson,New Jersey,156661,159732,−1.92%,8.4 sq mi,21.8 km2,"19,016/sq mi","7,342/km2",﻿40.91°N,74.16°W﻿
166,Macon,Georgia,156197,157346,−0.73%,249.4 sq mi,645.9 km2,631/sq mi,244/km2,﻿32.81°N,83.69°W﻿
167,Lakewood,Colorado,156120,155984,+0.09%,43.5 sq mi,112.7 km2,"3,586/sq mi","1,385/km2",﻿39.70°N,105.12°W﻿
168,Alexandria,Virginia,155525,159467,−2.47%,14.9 sq mi,38.6 km2,"10,702/sq mi","4,132/km2",﻿38.82°N,77.08°W﻿
169,Roseville,California,154817,147773,+4.77%,44.1 sq mi,114.2 km2,"3,351/sq mi","1,294/km2",﻿38.77°N,121.32°W﻿
170,Surprise,Arizona,154198,143148,+7.72%,110.3 sq mi,285.7 km2,"1,298/sq mi",501/km2,﻿33.67°N,112.45°W﻿
171,Springfield,Massachusetts,154064,155929,−1.20%,31.9 sq mi,82.6 km2,"4,888/sq mi","1,887/km2",﻿42.12°N,72.54°W﻿
172,Charleston,South Carolina,153672,150227,+2.29%,114.8 sq mi,297.3 km2,"1,309/sq mi",505/km2,﻿32.83°N,79.97°W﻿
173,Kansas City,Kansas,153345,156607,−2.08%,124.7 sq mi,323.0 km2,"1,256/sq mi",485/km2,﻿39.12°N,94.74°W﻿
174,Sunnyvale,California,153091,155805,−1.74%,22.1 sq mi,57.2 km2,"7,050/sq mi","2,720/km2",﻿37.39°N,122.03°W﻿
175,Bellevue,Washington,152767,151854,+0.60%,33.5 sq mi,86.8 km2,"4,533/sq mi","1,750/km2",﻿47.60°N,122.16°W﻿
176,Hollywood,Florida,152650,153067,−0.27%,27.3 sq mi,70.7 km2,"5,607/sq mi","2,165/km2",﻿26.03°N,80.16°W﻿
177,Denton,Texas,150353,139869,+7.50%,96.4 sq mi,249.7 km2,"1,451/sq mi",560/km2,﻿33.22°N,97.14°W﻿
178,Escondido,California,150270,151038,−0.51%,37.3 sq mi,96.6 km2,"4,049/sq mi","1,563/km2",﻿33.13°N,117.07°W﻿
179,Joliet,Illinois,150033,150362,−0.22%,64.5 sq mi,167.1 km2,"2,331/sq mi",900/km2,﻿41.52°N,88.15°W﻿
180,Naperville,Illinois,149936,149540,+0.26%,39.1 sq mi,101.3 km2,"3,825/sq mi","1,477/km2",﻿41.75°N,88.16°W﻿
181,Bridgeport,Connecticut,148377,148654,−0.19%,16.1 sq mi,41.7 km2,"9,233/sq mi","3,565/km2",﻿41.19°N,73.20°W﻿
182,Savannah,Georgia,148004,147780,+0.15%,106.8 sq mi,276.6 km2,"1,384/sq mi",534/km2,﻿32.00°N,81.15°W﻿
183,Mesquite,Texas,147899,150108,−1.47%,48.5 sq mi,125.6 km2,"3,095/sq mi","1,195/km2",﻿32.76°N,96.59°W﻿
184,Pasadena,Texas,147662,151950,−2.82%,43.7 sq mi,113.2 km2,"3,477/sq mi","1,342/km2",﻿29.65°N,95.15°W﻿
185,Rockford,Illinois,146713,148655,−1.31%,64.5 sq mi,167.1 km2,"2,305/sq mi",890/km2,﻿42.26°N,89.06°W﻿
186,Pomona,California,146017,151713,−3.75%,23.0 sq mi,59.6 km2,"6,596/sq mi","2,547/km2",﻿34.06°N,117.76°W﻿
187,Jackson,Mississippi,145995,153701,−5.01%,111.7 sq mi,289.3 km2,"1,376/sq mi",531/km2,﻿32.32°N,90.21°W﻿
188,Olathe,Kansas,145616,141290,+3.06%,61.9 sq mi,160.3 km2,"2,283/sq mi",881/km2,﻿38.88°N,94.82°W﻿
189,Gainesville,Florida,145214,141085,+2.93%,63.2 sq mi,163.7 km2,"2,232/sq mi",862/km2,﻿29.68°N,82.35°W﻿
190,McAllen,Texas,144579,142210,+1.67%,62.3 sq mi,161.4 km2,"2,283/sq mi",881/km2,﻿26.22°N,98.25°W﻿
191,Syracuse,New York,144451,148620,−2.81%,25.1 sq mi,65.0 km2,"5,921/sq mi","2,286/km2",﻿43.04°N,76.14°W﻿
192,Waco,Texas,143984,138486,+3.97%,88.7 sq mi,229.7 km2,"1,561/sq mi",603/km2,﻿31.56°N,97.19°W﻿
193,Visalia,California,143966,141384,+1.83%,37.9 sq mi,98.2 km2,"3,730/sq mi","1,440/km2",﻿36.33°N,119.33°W﻿
194,Thornton,Colorado,143282,141867,+1.00%,35.9 sq mi,93.0 km2,"3,952/sq mi","1,526/km2",﻿39.92°N,104.94°W﻿
195,Torrance,California,141126,147067,−4.04%,20.5 sq mi,53.1 km2,"7,174/sq mi","2,770/km2",﻿33.83°N,118.36°W﻿
196,Fullerton,California,140541,143617,−2.14%,22.4 sq mi,58.0 km2,"6,411/sq mi","2,475/km2",﻿33.89°N,117.93°W﻿
197,Columbia,South Carolina,139698,136632,+2.24%,136.8 sq mi,354.3 km2,999/sq mi,386/km2,﻿34.04°N,80.91°W﻿
198,Lakewood,New Jersey,139506,135158,+3.22%,24.7 sq mi,64.0 km2,"5,472/sq mi","2,113/km2",﻿40.08°N,74.20°W﻿
199,New Haven,Connecticut,138915,134023,+3.65%,18.7 sq mi,48.4 km2,"7,167/sq mi","2,767/km2",﻿41.31°N,72.92°W﻿
200,Hampton,Virginia,138037,137148,+0.65%,51.5 sq mi,133.4 km2,"2,663/sq mi","1,028/km2",﻿37.05°N,76.30°W﻿
201,Miramar,Florida,137228,134721,+1.86%,28.9 sq mi,74.9 km2,"4,662/sq mi","1,800/km2",﻿25.97°N,80.34°W﻿
202,Victorville,California,137221,134810,+1.79%,73.7 sq mi,190.9 km2,"1,829/sq mi",706/km2,﻿34.53°N,117.35°W﻿
203,Warren,Michigan,137107,139387,−1.64%,34.4 sq mi,89.1 km2,"4,052/sq mi","1,564/km2",﻿42.49°N,83.03°W﻿
204,West Valley City,Utah,136650,140230,−2.55%,35.8 sq mi,92.7 km2,"3,917/sq mi","1,512/km2",﻿40.69°N,112.01°W﻿
205,Cedar Rapids,Iowa,136429,137710,−0.93%,72.1 sq mi,186.7 km2,"1,910/sq mi",740/km2,﻿41.97°N,91.68°W﻿
206,Stamford,Connecticut,136188,135470,+0.53%,37.6 sq mi,97.4 km2,"3,603/sq mi","1,391/km2",﻿41.08°N,73.55°W﻿
207,Orange,California,136178,139911,−2.67%,25.7 sq mi,66.6 km2,"5,444/sq mi","2,102/km2",﻿33.79°N,117.86°W﻿
208,Dayton,Ohio,135944,137644,−1.24%,55.8 sq mi,144.5 km2,"2,467/sq mi",953/km2,﻿39.78°N,84.20°W﻿
209,Midland,Texas,134444,132524,+1.45%,75.5 sq mi,195.5 km2,"1,755/sq mi",678/km2,﻿32.02°N,102.11°W﻿
210,Kent,Washington,134392,136588,−1.61%,33.8 sq mi,87.5 km2,"4,041/sq mi","1,560/km2",﻿47.39°N,122.21°W﻿
211,Elizabeth,New Jersey,134283,137298,−2.20%,12.3 sq mi,31.9 km2,"11,162/sq mi","4,310/km2",﻿40.67°N,74.19°W﻿
212,Pasadena,California,134211,138699,−3.24%,23.0 sq mi,59.6 km2,"6,030/sq mi","2,330/km2",﻿34.16°N,118.14°W﻿
213,Carrollton,Texas,133820,133434,+0.29%,36.7 sq mi,95.1 km2,"3,636/sq mi","1,404/km2",﻿32.99°N,96.90°W﻿
214,Coral Springs,Florida,133369,134394,−0.76%,22.9 sq mi,59.3 km2,"5,869/sq mi","2,266/km2",﻿26.27°N,80.26°W﻿
215,Sterling Heights,Michigan,132567,134346,−1.32%,36.4 sq mi,94.3 km2,"3,691/sq mi","1,425/km2",﻿42.58°N,83.03°W﻿
216,Fargo,North Dakota,131444,125990,+4.33%,49.8 sq mi,129.0 km2,"2,530/sq mi",980/km2,﻿46.86°N,96.83°W﻿
217,Lewisville,Texas,131215,111822,+17.34%,37.0 sq mi,95.8 km2,"3,022/sq mi","1,167/km2",﻿33.05°N,96.98°W﻿
218,Meridian,Idaho,129736,117635,+10.29%,35.1 sq mi,90.9 km2,"3,351/sq mi","1,294/km2",﻿43.61°N,116.40°W﻿
219,Norman,Oklahoma,129627,128026,+1.25%,178.8 sq mi,463.1 km2,716/sq mi,276/km2,﻿35.24°N,97.35°W﻿
220,Palm Bay,Florida,129234,119760,+7.91%,86.4 sq mi,223.8 km2,"1,386/sq mi",535/km2,﻿27.96°N,80.66°W﻿
221,Athens,Georgia,128561,127315,+0.98%,116.3 sq mi,301.2 km2,"1,095/sq mi",423/km2,﻿33.95°N,83.37°W﻿
222,Columbia,Missouri,128555,126254,+1.82%,66.5 sq mi,172.2 km2,"1,899/sq mi",733/km2,﻿38.95°N,92.33°W﻿
223,Abilene,Texas,127385,125182,+1.76%,106.7 sq mi,276.4 km2,"1,173/sq mi",453/km2,﻿32.45°N,99.74°W﻿
224,Pearland,Texas,126949,125828,+0.89%,48.7 sq mi,126.1 km2,"2,584/sq mi",998/km2,﻿29.56°N,95.32°W﻿
225,Santa Clara,California,126930,127647,−0.56%,18.3 sq mi,47.4 km2,"6,975/sq mi","2,693/km2",﻿37.36°N,121.97°W﻿
226,Round Rock,Texas,126697,119468,+6.05%,37.6 sq mi,97.4 km2,"3,177/sq mi","1,227/km2",﻿30.53°N,97.66°W﻿
227,Topeka,Kansas,125449,126587,−0.90%,61.4 sq mi,159.0 km2,"2,062/sq mi",796/km2,﻿39.03°N,95.69°W﻿
228,Allentown,Pennsylvania,125094,125845,−0.60%,17.6 sq mi,45.6 km2,"7,150/sq mi","2,760/km2",﻿40.59°N,75.48°W﻿
229,Clovis,California,124556,120124,+3.69%,25.4 sq mi,65.8 km2,"4,729/sq mi","1,826/km2",﻿36.83°N,119.68°W﻿
230,Simi Valley,California,124398,126356,−1.55%,41.5 sq mi,107.5 km2,"3,045/sq mi","1,176/km2",﻿34.27°N,118.75°W﻿
231,College Station,Texas,124319,120511,+3.16%,51.2 sq mi,132.6 km2,"2,354/sq mi",909/km2,﻿30.59°N,96.30°W﻿
232,Thousand Oaks,California,124265,126966,−2.13%,55.3 sq mi,143.2 km2,"2,296/sq mi",886/km2,﻿34.19°N,118.87°W﻿
233,Vallejo,California,123564,126090,−2.00%,30.4 sq mi,78.7 km2,"4,148/sq mi","1,602/km2",﻿38.11°N,122.26°W﻿
234,Concord,California,122625,125410,−2.22%,30.6 sq mi,79.3 km2,"4,098/sq mi","1,582/km2",﻿37.97°N,122.00°W﻿
235,Rochester,Minnesota,121878,121395,+0.40%,55.5 sq mi,143.7 km2,"2,187/sq mi",844/km2,﻿44.02°N,92.48°W﻿
236,Arvada,Colorado,121581,124402,−2.27%,38.9 sq mi,100.8 km2,"3,198/sq mi","1,235/km2",﻿39.83°N,105.15°W﻿
237,Lafayette,Louisiana,121389,121374,+0.01%,55.8 sq mi,144.5 km2,"2,175/sq mi",840/km2,﻿30.21°N,92.03°W﻿
238,Independence,Missouri,121202,123011,−1.47%,78.0 sq mi,202.0 km2,"1,577/sq mi",609/km2,﻿39.09°N,94.35°W﻿
239,West Palm Beach,Florida,120932,117415,+3.00%,53.8 sq mi,139.3 km2,"2,182/sq mi",842/km2,﻿26.75°N,80.13°W﻿
240,Hartford,Connecticut,120686,121054,−0.30%,17.4 sq mi,45.1 km2,"6,957/sq mi","2,686/km2",﻿41.77°N,72.68°W﻿
241,Wilmington,North Carolina,120324,115451,+4.22%,51.4 sq mi,133.1 km2,"2,246/sq mi",867/km2,﻿34.21°N,77.89°W﻿
242,Lakeland,Florida,120071,112641,+6.60%,66.2 sq mi,171.5 km2,"1,702/sq mi",657/km2,﻿28.06°N,81.95°W﻿
243,Billings,Montana,119960,117116,+2.43%,44.8 sq mi,116.0 km2,"2,614/sq mi","1,009/km2",﻿45.79°N,108.55°W﻿
244,Ann Arbor,Michigan,119875,123851,−3.21%,28.2 sq mi,73.0 km2,"4,392/sq mi","1,696/km2",﻿42.28°N,83.73°W﻿
245,Fairfield,California,119338,119881,−0.45%,41.6 sq mi,107.7 km2,"2,882/sq mi","1,113/km2",﻿38.26°N,122.03°W﻿
246,Berkeley,California,118950,124321,−4.32%,10.4 sq mi,26.9 km2,"11,954/sq mi","4,615/km2",﻿37.87°N,122.30°W﻿
247,Richardson,Texas,118802,119469,−0.56%,28.6 sq mi,74.1 km2,"4,177/sq mi","1,613/km2",﻿32.97°N,96.71°W﻿
248,North Charleston,South Carolina,118608,114852,+3.27%,77.6 sq mi,201.0 km2,"1,480/sq mi",570/km2,﻿32.92°N,80.07°W﻿
249,Cambridge,Massachusetts,118488,118403,+0.07%,6.4 sq mi,16.6 km2,"18,500/sq mi","7,100/km2",﻿42.38°N,71.12°W﻿
250,Broken Arrow,Oklahoma,117911,113540,+3.85%,63.0 sq mi,163.2 km2,"1,802/sq mi",696/km2,﻿36.04°N,95.78°W﻿
251,Clearwater,Florida,117027,117292,−0.23%,26.1 sq mi,67.6 km2,"4,494/sq mi","1,735/km2",﻿27.98°N,82.77°W﻿
252,West Jordan,Utah,116664,116961,−0.25%,32.3 sq mi,83.7 km2,"3,621/sq mi","1,398/km2",﻿40.60°N,112.00°W﻿
253,Evansville,Indiana,115749,117298,−1.32%,47.4 sq mi,122.8 km2,"2,475/sq mi",956/km2,﻿37.99°N,87.53°W﻿
254,League City,Texas,115418,114392,+0.90%,51.3 sq mi,132.9 km2,"2,230/sq mi",860/km2,﻿29.49°N,95.11°W﻿
255,Antioch,California,115264,115291,−0.02%,29.2 sq mi,75.6 km2,"3,948/sq mi","1,524/km2",﻿37.98°N,121.80°W﻿
256,Manchester,New Hampshire,115141,115644,−0.43%,33.1 sq mi,85.7 km2,"3,494/sq mi","1,349/km2",﻿42.98°N,71.44°W﻿
257,High Point,North Carolina,115067,114059,+0.88%,56.4 sq mi,146.1 km2,"2,022/sq mi",781/km2,﻿35.99°N,79.99°W﻿
258,Waterbury,Connecticut,115016,114403,+0.54%,28.5 sq mi,73.8 km2,"4,014/sq mi","1,550/km2",﻿41.56°N,73.04°W﻿
259,Westminster,Colorado,114533,116317,−1.53%,31.6 sq mi,81.8 km2,"3,681/sq mi","1,421/km2",﻿39.88°N,105.06°W﻿
260,Richmond,California,114301,116448,−1.84%,30.1 sq mi,78.0 km2,"3,869/sq mi","1,494/km2",﻿37.95°N,122.36°W﻿
261,Carlsbad,California,114160,114746,−0.51%,37.8 sq mi,97.9 km2,"3,036/sq mi","1,172/km2",﻿33.13°N,117.28°W﻿
262,Las Cruces,New Mexico,113888,111385,+2.25%,76.9 sq mi,199.2 km2,"1,448/sq mi",559/km2,﻿32.33°N,106.79°W﻿
263,Murrieta,California,113783,110949,+2.55%,33.6 sq mi,87.0 km2,"3,302/sq mi","1,275/km2",﻿33.57°N,117.19°W﻿
264,Lowell,Massachusetts,113608,115554,−1.68%,13.6 sq mi,35.2 km2,"8,497/sq mi","3,281/km2",﻿42.64°N,71.32°W﻿
265,Provo,Utah,113523,115162,−1.42%,41.7 sq mi,108.0 km2,"2,762/sq mi","1,066/km2",﻿40.25°N,111.65°W﻿
266,Springfield,Illinois,113273,114394,−0.98%,61.1 sq mi,158.2 km2,"1,872/sq mi",723/km2,﻿39.79°N,89.64°W﻿
267,Elgin,Illinois,113177,114797,−1.41%,38.0 sq mi,98.4 km2,"3,021/sq mi","1,166/km2",﻿42.04°N,88.33°W﻿
268,Odessa,Texas,112906,114428,−1.33%,51.1 sq mi,132.3 km2,"2,239/sq mi",864/km2,﻿31.88°N,102.35°W﻿
269,Lansing,Michigan,112537,112644,−0.09%,39.1 sq mi,101.3 km2,"2,881/sq mi","1,112/km2",﻿42.71°N,84.56°W﻿
270,Pompano Beach,Florida,112302,112046,+0.23%,24.0 sq mi,62.2 km2,"4,669/sq mi","1,803/km2",﻿26.24°N,80.13°W﻿
271,Beaumont,Texas,112089,115282,−2.77%,82.5 sq mi,213.7 km2,"1,397/sq mi",539/km2,﻿30.08°N,94.15°W﻿
272,Temecula,California,111752,110003,+1.59%,37.3 sq mi,96.6 km2,"2,949/sq mi","1,139/km2",﻿33.49°N,117.13°W﻿
273,Gresham,Oregon,111621,114247,−2.30%,23.5 sq mi,60.9 km2,"4,862/sq mi","1,877/km2",﻿45.50°N,122.44°W﻿
274,Allen,Texas,111551,104627,+6.62%,26.4 sq mi,68.4 km2,"3,963/sq mi","1,530/km2",﻿33.11°N,96.67°W﻿
275,Pueblo,Colorado,111456,111876,−0.38%,55.4 sq mi,143.5 km2,"2,019/sq mi",780/km2,﻿38.27°N,104.61°W﻿
276,Everett,Washington,111337,110629,+0.64%,33.2 sq mi,86.0 km2,"3,332/sq mi","1,286/km2",﻿47.95°N,122.19°W﻿
277,South Fulton,Georgia,111158,107436,+3.46%,85.2 sq mi,220.7 km2,"1,261/sq mi",487/km2,﻿33.66°N,84.57°W﻿
278,Peoria,Illinois,111021,113150,−1.88%,48.0 sq mi,124.3 km2,"2,357/sq mi",910/km2,﻿40.75°N,89.62°W﻿
279,Nampa,Idaho,110951,100200,+10.73%,33.5 sq mi,86.8 km2,"2,991/sq mi","1,155/km2",﻿43.58°N,116.56°W﻿
280,Tuscaloosa,Alabama,110602,99600,+11.05%,61.9 sq mi,160.3 km2,"1,609/sq mi",621/km2,﻿33.23°N,87.53°W﻿
281,Miami Gardens,Florida,110497,111640,−1.02%,18.2 sq mi,47.1 km2,"6,134/sq mi","2,368/km2",﻿25.95°N,80.24°W﻿
282,Santa Maria,California,110125,109707,+0.38%,22.8 sq mi,59.1 km2,"4,812/sq mi","1,858/km2",﻿34.93°N,120.44°W﻿
283,Downey,California,109934,114355,−3.87%,12.4 sq mi,32.1 km2,"9,222/sq mi","3,561/km2",﻿33.94°N,118.13°W﻿
284,Concord,North Carolina,109896,105240,+4.42%,63.5 sq mi,164.5 km2,"1,657/sq mi",640/km2,﻿35.39°N,80.64°W﻿
285,Ventura,California,109527,110763,−1.12%,21.9 sq mi,56.7 km2,"5,058/sq mi","1,953/km2",﻿34.27°N,119.25°W﻿
286,Costa Mesa,California,109521,111918,−2.14%,15.8 sq mi,40.9 km2,"7,083/sq mi","2,735/km2",﻿33.67°N,117.91°W﻿
287,Sugar Land,Texas,109414,111026,−1.45%,40.5 sq mi,104.9 km2,"2,741/sq mi","1,058/km2",﻿29.59°N,95.63°W﻿
288,Menifee,California,109399,102527,+6.70%,46.5 sq mi,120.4 km2,"2,205/sq mi",851/km2,﻿33.69°N,117.18°W﻿
289,Tyler,Texas,109286,105995,+3.10%,57.5 sq mi,148.9 km2,"1,843/sq mi",712/km2,﻿32.32°N,95.31°W﻿
290,Sparks,Nevada,109226,108445,+0.72%,36.4 sq mi,94.3 km2,"2,979/sq mi","1,150/km2",﻿39.57°N,119.72°W﻿
291,Greeley,Colorado,109209,108795,+0.38%,48.9 sq mi,126.7 km2,"2,225/sq mi",859/km2,﻿40.41°N,104.77°W﻿
292,Rio Rancho,New Mexico,108082,104046,+3.88%,103.4 sq mi,267.8 km2,"1,006/sq mi",388/km2,﻿35.29°N,106.70°W﻿
293,Sandy Springs,Georgia,107763,108080,−0.29%,37.7 sq mi,97.6 km2,"2,867/sq mi","1,107/km2",﻿33.93°N,84.37°W﻿
294,Dearborn,Michigan,107710,109976,−2.06%,24.2 sq mi,62.7 km2,"4,544/sq mi","1,754/km2",﻿42.31°N,83.21°W﻿
295,Jurupa Valley,California,107609,105053,+2.43%,42.9 sq mi,111.1 km2,"2,449/sq mi",946/km2,﻿34.00°N,117.47°W﻿
296,Edison,New Jersey,107361,107588,−0.21%,30.1 sq mi,78.0 km2,"3,574/sq mi","1,380/km2",﻿40.50°N,74.35°W﻿
297,Spokane Valley,Washington,107325,102976,+4.22%,37.7 sq mi,97.6 km2,"2,731/sq mi","1,054/km2",﻿47.66°N,117.23°W﻿
298,Hillsboro,Oregon,107299,106447,+0.80%,25.7 sq mi,66.6 km2,"4,142/sq mi","1,599/km2",﻿45.53°N,122.94°W﻿
299,Davie,Florida,106513,105691,+0.78%,34.9 sq mi,90.4 km2,"3,028/sq mi","1,169/km2",﻿26.08°N,80.28°W﻿
300,Green Bay,Wisconsin,106095,107395,−1.21%,45.5 sq mi,117.8 km2,"2,360/sq mi",910/km2,﻿44.52°N,87.99°W﻿
301,Centennial,Colorado,105865,108418,−2.35%,29.7 sq mi,76.9 km2,"3,650/sq mi","1,410/km2",﻿39.59°N,104.87°W﻿
302,Buckeye,Arizona,105567,91502,+15.37%,393.0 sq mi,"1,017.9 km2",233/sq mi,90/km2,﻿33.43°N,112.64°W﻿
303,Boulder,Colorado,105485,108250,−2.55%,26.3 sq mi,68.1 km2,"4,116/sq mi","1,589/km2",﻿40.02°N,105.25°W﻿
304,Goodyear,Arizona,105406,95294,+10.61%,191.3 sq mi,495.5 km2,498/sq mi,192/km2,﻿33.25°N,112.37°W﻿
305,El Monte,California,105312,109450,−3.78%,9.6 sq mi,24.9 km2,"11,401/sq mi","4,402/km2",﻿34.07°N,118.03°W﻿
306,West Covina,California,105013,109501,−4.10%,16.0 sq mi,41.4 km2,"6,844/sq mi","2,642/km2",﻿34.06°N,117.91°W﻿
307,Brockton,Massachusetts,104826,105643,−0.77%,21.3 sq mi,55.2 km2,"4,960/sq mi","1,920/km2",﻿42.08°N,71.02°W﻿
308,New Braunfels,Texas,104707,90403,+15.82%,45.2 sq mi,117.1 km2,"2,000/sq mi",770/km2,﻿29.70°N,98.12°W﻿
309,El Cajon,California,104414,106215,−1.70%,14.5 sq mi,37.6 km2,"7,325/sq mi","2,828/km2",﻿32.80°N,116.96°W﻿
310,Edinburg,Texas,104294,100243,+4.04%,44.7 sq mi,115.8 km2,"2,243/sq mi",866/km2,﻿26.32°N,98.16°W﻿
311,Renton,Washington,104047,106785,−2.56%,23.5 sq mi,60.9 km2,"4,544/sq mi","1,754/km2",﻿47.48°N,122.19°W﻿
312,Burbank,California,103920,107337,−3.18%,17.3 sq mi,44.8 km2,"6,204/sq mi","2,395/km2",﻿34.19°N,118.33°W﻿
313,Inglewood,California,103621,107762,−3.84%,9.1 sq mi,23.6 km2,"11,842/sq mi","4,572/km2",﻿33.96°N,118.34°W﻿
314,Rialto,California,103545,104026,−0.46%,24.1 sq mi,62.4 km2,"4,316/sq mi","1,666/km2",﻿34.12°N,117.39°W﻿
315,Lee's Summit,Missouri,103465,101108,+2.33%,63.9 sq mi,165.5 km2,"1,582/sq mi",611/km2,﻿38.92°N,94.38°W﻿
316,Bend,Oregon,103254,99178,+4.11%,33.6 sq mi,87.0 km2,"2,952/sq mi","1,140/km2",﻿44.06°N,121.31°W﻿
317,Woodbridge,New Jersey,103229,103639,−0.40%,23.3 sq mi,60.3 km2,"4,448/sq mi","1,717/km2",﻿40.56°N,74.29°W﻿
318,South Bend,Indiana,103110,103453,−0.33%,42.0 sq mi,108.8 km2,"2,463/sq mi",951/km2,﻿41.68°N,86.27°W﻿
319,Wichita Falls,Texas,102664,102316,+0.34%,72.0 sq mi,186.5 km2,"1,421/sq mi",549/km2,﻿33.91°N,98.53°W﻿
320,St. George,Utah,102519,95342,+7.53%,78.5 sq mi,203.3 km2,"1,215/sq mi",469/km2,﻿37.08°N,113.56°W﻿
321,Fishers,Indiana,101966,98977,+3.02%,35.6 sq mi,92.2 km2,"2,780/sq mi","1,070/km2",﻿39.96°N,85.97°W﻿
322,Carmel,Indiana,101964,99757,+2.21%,49.1 sq mi,127.2 km2,"2,032/sq mi",785/km2,﻿39.97°N,86.15°W﻿
323,Vacaville,California,101918,102386,−0.46%,29.9 sq mi,77.4 km2,"3,424/sq mi","1,322/km2",﻿38.36°N,121.97°W﻿
324,Quincy,Massachusetts,101727,101636,+0.09%,16.6 sq mi,43.0 km2,"6,123/sq mi","2,364/km2",﻿42.26°N,71.01°W﻿
325,Conroe,Texas,101405,89956,+12.73%,72.0 sq mi,186.5 km2,"1,249/sq mi",482/km2,﻿30.32°N,95.49°W﻿
326,Chico,California,101299,101475,−0.17%,34.1 sq mi,88.3 km2,"2,976/sq mi","1,149/km2",﻿39.76°N,121.82°W﻿
327,San Mateo,California,100984,105661,−4.43%,12.1 sq mi,31.3 km2,"8,732/sq mi","3,371/km2",﻿37.56°N,122.31°W﻿
328,Lynn,Massachusetts,100891,101253,−0.36%,10.7 sq mi,27.7 km2,"9,463/sq mi","3,654/km2",﻿42.47°N,70.96°W﻿
329,Albany,New York,100826,99224,+1.61%,21.4 sq mi,55.4 km2,"4,637/sq mi","1,790/km2",﻿42.67°N,73.80°W﻿
330,Hesperia,California,100744,99818,+0.93%,72.7 sq mi,188.3 km2,"1,373/sq mi",530/km2,﻿34.40°N,117.32°W﻿
331,New Bedford,Massachusetts,100682,101079,−0.39%,20.0 sq mi,51.8 km2,"5,054/sq mi","1,951/km2",﻿41.66°N,70.94°W﻿
332,Davenport,Iowa,100486,101724,−1.22%,63.8 sq mi,165.2 km2,"1,594/sq mi",615/km2,﻿41.56°N,90.60°W﻿
333,Daly City,California,100007,104901,−4.67%,7.6 sq mi,19.7 km2,"13,803/sq mi","5,329/km2",﻿37.69°N,122.47°W﻿
